-1.1337868;-2.7827328;-2.7827328;-1.9449541
-1.9449541;-3.0566893;-4.9955556;1.4034431
1.4034431;-0.5688073;-3.3357117;-0.2398967
-0.2398967;1.1601796;-1.9319728;-1.2671106
-1.2671106;-1.5039675;-2.0642202;0.7025761
0.7025761;-0.5734369;0.5800898;1.5069767
1.5069767;2.2201405;0.6827828;6.0758798
6.0758798;7.6744186;7.0569737;1.6155508
1.6155508;7.7895894;10.1826698;1.7003911
1.7003911;3.3434125;11.2744186;-1.3542886
-1.3542886;0.3230743;8.1378299;1.059322
1.059322;-0.3093128;3.0237581;1.4675052
1.4675052;2.5423729;2.8736609;1.338843
1.338843;2.8259958;2.5079418;1.3293101
1.3293101;2.6859504;5.2966102;0.2012072
0.2012072;1.533192;4.4025157;2.0080321
2.0080321;2.2132797;4.9586777;-0.1968504
-0.1968504;1.8072289;3.3681292;0.1025641
0.1025641;-0.0944882;2.1167002;0.3940731
0.3940731;0.4970414;2.313253;0.8792589
0.8792589;1.276797;1.1811024;1.07393
1.07393;1.9626315;2.469428;-1.0625192
-1.0625192;0;1.276797;0.7782101
0.7782101;-0.2925778;1.6643115;2.2239382
2.2239382;3.0194553;3.0194553;0.2794984
0.2794984;2.5096525;2.2097321;1.4086629
1.4086629;1.6920985;4.7626459;0.282276
0.282276;1.6949153;4.2471042;1.762963
1.762963;2.0502154;3.7770056;1.5431649
1.5431649;3.3333333;5.0847458;-1.1612903
-1.1612903;0.363954;2.4216313;-1.7261387
-1.7261387;-2.8673835;0.3703704;-1.6605166
-1.6605166;-3.3579925;-3.00626;0.2776735
0.2776735;-1.3874539;-4.2150538;-2.896273
-2.896273;-2.6266417;-5.8964317;0.8709056
0.8709056;-2.0505912;-3.4095941;-1.627445
-1.627445;-0.7707129;-3.3771107;1.7475728
1.7475728;0.091687;-1.9607843;-0.2900763
-0.2900763;1.4524272;0.6705202;2.2048691
2.2048691;1.9083969;2.0018337;-0.4644195
-0.4644195;1.7302098;3.207767;-0.2859723
-0.2859723;-0.7490637;1.1450382;-0.9433962
-0.9433962;-1.2266707;0.4823151;-1.6228571
-1.6228571;-2.5509434;-3.2808989;-1.6418835
-1.6418835;-3.2380952;-4.4250452;1.6692913
1.6692913;0;-2.5509434;-0.7744734
-0.7744734;0.8818898;-2.3847619;-1.1707774
-1.1707774;-1.9361834;-1.9361834;0.9951035
0.9951035;-0.1873244;0.6929134;-9.9781045
-9.9781045;-9.0822935;-10.842627;-0.8686588
-0.8686588;-10.7600876;-10.9272557;-1.9628461
-1.9628461;-2.8144545;-11.6411309;-0.2323918
-0.2323918;-2.1906765;-12.7150454;1.684286
1.684286;1.44798;-1.4072272;0.3348018
0.3348018;2.0247268;-0.2103049;-0.8781173
-0.8781173;-0.5462555;0.8938148;0.8858965
0.8858965;0;2.0247268;-1.4313312
-1.4313312;-0.5581148;-1.1013216;0.8908686
0.8908686;-0.5532139;-0.5532139;-0.1147903
-0.1147903;0.7750557;0.2126152;0.3359264
0.3359264;0.2207506;-0.3336846;-0.7753304
-0.7753304;-0.4420085;0.3296214;0.3374179
0.3374179;-0.4405286;-0.2207506;-1.5486726
-1.5486726;-1.2164802;-1.6531117;0
0;-1.5486726;-1.9823789;-0.5662921
-0.5662921;-0.5662921;-1.7758835;-1.9164708
-1.9164708;-2.4719101;-3.9823009;-1.4930876
-1.4930876;-3.3809438;-3.9280899;2.2174401
2.2174401;0.6912442;-1.7977528;0.576659
0.576659;2.8068862;-0.6689568;-0.1183109
-0.1183109;0.4576659;1.1520737;-0.2277904
-0.2277904;-0.3458318;2.4513473;-0.913242
-0.913242;-1.1389522;-0.6864989;-0.1105991
-0.1105991;-1.0228311;-1.3651256;-0.1199483
-0.1199483;-0.2304147;-1.3667426;-0.2309469
-0.2309469;-0.3506182;-1.369863;-0.5740741
-0.5740741;-0.8036952;-1.0322581;-2.3281803
-2.3281803;-2.8888889;-3.2293781;-1.7925248
-1.7925248;-4.0789719;-4.8498845;0.9708738
0.9708738;-0.8390542;-3.7037037;1.8076923
1.8076923;2.7961165;-1.3969082;-2.1344919
-2.1344919;-0.3653846;-1.201373;-0.2316155
-0.2316155;-2.3611636;0.368932;-1.4509576
-1.4509576;-1.6792125;-2.0384615;1.8354927
1.8354927;0.3579029;-2.0117114;2.053012
2.053012;3.9261877;2.1810461;-2.3611636
-2.3611636;-0.3566265;0;2.4182627
2.4182627;0;3.9261877;0.1133359
0.1133359;2.5343393;2.1686747;-3.0660377
-3.0660377;-2.9561768;-2.9561768;1.3333333
1.3333333;-1.7735849;0.7158058;-0.3553592
-0.3553592;0.973236;-2.0117114;-0.4819277
-0.4819277;-0.8355743;-2.5943396;-1.6949153
-1.6949153;-2.1686747;-1.216545;3.0738916
3.0738916;1.3268765;0.4802151;0
0;3.0738916;0.8385542;0.3632193
0.3632193;0.3632193;1.6949153;0.1142857
0.1142857;0.4779201;3.5665025;-0.9512938
-0.9512938;-0.8380952;-0.4779201;0.2497119
0.2497119;-0.7039574;-0.2294016;1.666986
1.666986;1.9208605;1.0666667;0.2450057
0.2450057;1.9160759;1.1986301;-1.2972363
-1.2972363;-1.055409;0.8451786;-1.6666667
-1.6666667;-2.9422824;-1.0825829;-0.2421308
-0.2421308;-1.9047619;-2.9400678;-0.9708738
-0.9708738;-1.2106538;-4.1173153;0.372549
0.372549;-0.6019417;-2.4952381;-0.1269779
-0.1269779;0.245098;-0.968523;-0.7334963
-0.7334963;-0.8595429;-1.4563107;-0.8669951
-0.8669951;-1.594132;-1.3529412;-0.2385212
-0.2385212;-1.1034483;-1.9535065;-0.8766687
-0.8766687;-1.1130988;-2.6894866;1.3869347
1.3869347;0.4981072;-0.6108374;0.1189532
0.1189532;1.5075377;0.3776585;-1.8613861
-1.8613861;-1.7446471;-1.2552301;0.5044391
0.5044391;-1.3663366;0.120603;-1.24473
-1.24473;-0.7465698;-2.4781919;1.0164668
1.0164668;-0.2409155;-1.6039604;-0.7647414
-0.7647414;0.243952;-0.5044391;-1.0139931
-1.0139931;-1.7709801;-2.007629;-0.5121901
-0.5121901;-1.5209897;-1.2807481;1.2973641
1.2973641;0.778529;-1.0062387;0.7521854
0.7521854;2.0593081;0.5069966;-1.0088781
-1.0088781;-0.2642814;0.5121901;0.5095801
0.5095801;-0.5044391;1.5444811;1.906307
1.906307;2.4256013;2.1549095;-0.9950249
-0.9950249;0.8923139;0.3833737;-0.7537688
-0.7537688;-1.7412935;0.6420709;-0.5063291
-0.5063291;-1.2562814;-0.3751774;1.1501272
1.1501272;0.6379747;-1.1144279;-0.130811
-0.130811;1.0178117;-0.2512563;-2.6498741
-2.6498741;-2.7772188;-2.156962;-0.3829435
-0.3829435;-3.02267;-2.0356234;2.0779221
2.0779221;1.6870213;-1.1370497;2.2900763
2.2900763;4.4155844;1.2594458;1.4925373
1.4925373;3.8167939;5.5682053;-1.3529412
-1.3529412;0.119403;4.5402597;0.129199
0.129199;-1.2254902;2.5445293;-0.248139
-0.248139;-0.1192606;0;0
0;-0.248139;-1.4705882;0.8756219
0.8756219;0.8756219;0.755317;0.2367331
0.2367331;1.1144279;0.8635236;-0.3641016
-0.3641016;-0.1282304;0.7462687;0
0;-0.3641016;0.7462687;-0.8592593
-0.8592593;-0.8592593;-0.9863878;0.6176529
0.6176529;-0.2469136;-0.6101161;-0.6138614
-0.6138614;0;-0.8592593;-1.3747759
-1.3747759;-1.980198;-2.2222222;0.2525253
0.2525253;-1.1257223;-1.1257223;-0.372796
-0.372796;-0.1212121;-2.0990099;-0.262945
-0.262945;-0.6347607;-1.7533373;0.3853174
0.3853174;0.1213592;0;-0.5050505
-0.5050505;-0.1216792;-0.7556675;-0.1218274
-0.1218274;-0.6262626;-0.5056634;-1.9109575
-1.9109575;-2.0304569;-2.1496654;-1.5544041
-1.5544041;-3.4356577;-4.040404;0.7894737
0.7894737;-0.7772021;-2.7918782;-0.1357702
-0.1357702;0.6526316;-2.8054483;-1.2967998
-1.2967998;-1.4308094;-2.1968912;0.5297733
0.5297733;-0.7738967;-0.1263158;0.2529511
0.2529511;0.7840644;-0.6579634;0.1366695
0.1366695;0.3899663;-0.3869483;-0.7874016
-0.7874016;-0.6518082;0.1271456;1.0582011
1.0582011;0.2624672;0.653457;1.4450262
1.4450262;2.5185185;1.8502944;1.1560694
1.1560694;2.617801;2.8871391;0.6326531
0.6326531;1.7960363;4.3597884;-0.3751774
-0.3751774;0.255102;2.8795812;1.1501272
1.1501272;0.7706348;2.580512;1.6301067
1.6301067;2.7989822;3.0612245;-1.3663366
-1.3663366;0.2414973;1.0139931;1.7667135
1.7667135;0.3762376;3.1857506;2.5843362
2.5843362;4.3967075;4.6488227;-1.0769231
-1.0769231;1.4795818;1.8613861;0.7192846
0.7192846;-0.3653846;4.015258;1.2159815
1.2159815;1.9440124;3.4523575;0.4767353
0.4767353;1.6985138;1.3269231;-0.4744733
-0.4744733;0;1.9440124;-0.6006865
-0.6006865;-1.0723097;0.6079907;0.3549161
0.3549161;-0.2479024;-0.2479024;1.2043586
1.2043586;1.5635492;0.4744733;-0.8311296
-0.8311296;0.3632193;0.1144165;-0.1142857
-0.1142857;-0.9444654;0.6043165;-2.5076278
-2.5076278;-2.6190476;-2.2653412;1.3398533
1.3398533;-1.201373;-2.1344919;-0.9650647
-0.9650647;0.3618582;-2.2666667;-1.4617034
-1.4617034;-2.4126616;-3.5850496;-2.096519
-2.096519;-3.5275775;-3.1784841;-0.7575758
-0.7575758;-2.838212;-5.1823972;0.6412214
0.6412214;-0.1212121;-3.6445137;-0.8899676
-0.8899676;-0.2544529;-3.085443;-0.7653061
-0.7653061;-1.6484628;-1.7676768;2.5706941
2.5706941;1.7857143;1.5267176;0.1303258
0.1303258;2.7043702;1.0113269;1.371646
1.371646;1.5037594;3.3163265;2.962963
2.962963;4.3752503;7.1979434;-2.5227818
-2.5227818;0.3654321;1.8746867;-1.7122614
-1.7122614;-4.1918465;0;0.5006007
0.5006007;-1.2202322;-0.8592593;-0.1295079
-0.1295079;0.3704445;-3.8369305;-1.7456359
-1.7456359;-1.872883;-3.0702618;0
0;-1.7456359;-1.381658;-0.2538071
-0.2538071;-0.2538071;-2.1219366;-0.2544529
-0.2544529;-0.5076142;-2.244389;0.255102
0.255102;0;-0.2538071;0.6412214
0.6412214;0.8979592;0.3857868;1.3855178
1.3855178;2.0356234;2.0356234;-1.9950125
-1.9950125;-0.6371359;0.255102;0.1323155
0.1323155;-1.8653367;0.1323155;-1.4027241
-1.4027241;-1.2722646;-1.9012945;-0.3917526
-0.3917526;-1.7889815;-3.6209476;0
0;-0.3917526;-1.6590331;3.3740426
3.3740426;3.3740426;1.5247001;0.3704445
0.3704445;3.7569861;3.3505155;-0.1296758
-0.1296758;0.2402883;3.6224384;-0.7391131
-0.7391131;-0.8678304;2.8565514;-0.5031193
-0.5031193;-1.2385138;-1.0012014;1.1326861
1.1326861;0.623868;-0.2493766;-3.75
-3.75;-2.6597896;-3.8653616;1.038961
1.038961;-2.75;-2.1432884;-0.7712082
-0.7712082;0.2597403;-2.4069579;-1.0362694
-1.0362694;-1.7994859;-4.5;-0.1256545
-0.1256545;-1.1606218;-0.9038961;-0.6605158
-0.6605158;-0.7853403;-2.5706941;0.3905013
0.3905013;-0.2725938;-1.4300518;2.901598
2.901598;3.3034301;2.4921466;-3.7086228
-3.7086228;-0.9146341;-1.1847347;-1.8567639
-1.8567639;-5.4965264;-2.3746702;-0.2702703
-0.2702703;-2.1220159;-3.0172414;-1.0840108
-1.0840108;-1.3513514;-6.7736003;-1.369863
-1.369863;-2.4390244;-4.5092838;0.2777778
0.2777778;-1.0958904;-2.4324324;-1.3850416
-1.3850416;-1.1111111;-3.5230352;-4.3595506
-4.3595506;-5.6842105;-6.7178082;1.3275376
1.3275376;-3.0898876;-4.1666667;1.7391304
1.7391304;3.0897556;-2.7700831;0.991453
0.991453;2.7478261;-0.4269663;-0.6996163
-0.6996163;0.2849003;3.3834586;-1.2727273
-1.2727273;-1.9634394;0.7304348;-1.5883978
-1.5883978;-2.8409091;-2.5641026;0.877193
0.877193;-0.7251381;-2.6743399;-1.5884058
-1.5884058;-0.7251462;-3.5454545;1.0249764
1.0249764;-0.5797101;-1.3006446;2.9154519
2.9154519;3.970311;3.2163743;0
0;2.9154519;2.3188406;0
0;0;3.970311;1.2804533
1.2804533;1.2804533;4.2332362;1.1188185
1.1188185;2.4135977;2.4135977;-1.5268865
-1.5268865;-0.425151;0.8498584;1.4044944
1.4044944;-0.1438371;2.266289;0.1440443
0.1440443;1.5505618;1.1188185;2.0690418
2.0690418;2.2160665;2.0690418;2.5691057
2.5691057;4.6913034;6.3146067;-2.3673642
-2.3673642;0.1409214;2.3601108;-1.2232085
-1.2232085;-3.5616149;0.9626023;-0.4054795
-0.4054795;-1.6237281;-1.4850949;-0.6932218
-0.6932218;-1.0958904;-4.6184739;2.3601108
2.3601108;1.6505282;0;3.2474562
3.2474562;5.6842105;4.5260274;0.1258125
0.1258125;3.3773544;5.0836268;0.921466
0.921466;1.0484378;6.7922438;-1.1724424
-1.1724424;-0.2617801;3.1067331;-2.488189
-2.488189;-3.6314588;-2.6210946;2.9500431
2.9500431;0.3884514;0.1256545;-2.2171094
-2.2171094;0.667528;-2.9881718;-0.4064171
-0.4064171;-2.6145158;-2.2362205;0.6765464
0.6765464;0.2673797;0.9366925;-0.5333333
-0.5333333;0.1396048;-2.478561;-1.4691689
-1.4691689;-1.9946667;-1.7326203;-0.1414889
-0.1414889;-1.6085791;-1.4712199;-1.9073569
-1.9073569;-2.0461471;-4;1.5333333
1.5333333;-0.4032698;-2.0053619;0.9520683
0.9520683;2.5;0.4026992;-1.0840108
-1.0840108;-0.1422631;-0.5449591;-1.5013699
-1.5013699;-2.5691057;-0.1333333;-0.7009346
-0.7009346;-2.1917808;-2.3309258;0.5602241
0.5602241;-0.1446373;-2.7100271;0.5571031
0.5571031;1.1204482;-1.0958904;2.0720222
2.0720222;2.6406685;2.4922118;-1.4871906
-1.4871906;0.5540166;1.6806723;-1.1019284
-1.1019284;-2.5727312;0;-0.1448468
-0.1448468;-1.2451791;-0.6980609;0
0;-0.1448468;-2.7138515;0.1450569
0.1450569;0.1450569;-1.1019284;0.1448468
0.1448468;0.2901138;0.1448468;-0.5562973
-0.5562973;-0.4122563;-0.2677974;-1.2642649
-1.2642649;-1.8135291;-1.5286766;0
0;-1.2642649;-1.6713092;-0.5665722
-0.5665722;-0.5665722;-2.3698264;-0.991453
-0.991453;-1.5524079;-2.7970463;0.713628
0.713628;-0.2849003;-0.8498584;0.8571429
0.8571429;1.5768877;0;-0.9858357
-0.9858357;-0.1371429;-0.4216524;-0.8697642
-0.8697642;-1.8470255;-0.2992634;-0.2770723
-0.2770723;-1.1444266;-1.28;1.1576754
1.1576754;0.8773955;-0.9858357;0.5722133
0.5722133;1.7365131;0.5722133;-0.147929
-0.147929;0.4234379;1.3045486;1.5612536
1.5612536;1.411015;3.1720306;0.5610413
0.5610413;2.1310541;2.5635157;-0.9707655
-0.9707655;-0.4151706;0.9899863;-1.2732394
-1.2732394;-2.2316447;-0.1481481;-0.136955
-0.136955;-1.4084507;-1.8177738;-1.8514286
-1.8514286;-1.985848;-4.1731756;0.2794597
0.2794597;-1.5771429;-2.9633803;-0.5805852
-0.5805852;-0.302748;-2.2825839;-0.432142
-0.432142;-1.0102183;-2.5714286;-0.1524927
-0.1524927;-0.5839757;-0.8849558;-1.174812
-1.174812;-1.3255132;-2.3223409;-1.0342368
-1.0342368;-2.1968985;-2.7680448;0.1561562
0.1561562;-0.8796957;-2.1935484;0.1439194
0.1439194;0.3003003;-1.9031955;-0.742515
-0.742515;-0.5996642;-1.4740846;-0.7601351
-0.7601351;-1.497006;-1.2012012;-0.6079027
-0.6079027;-1.363417;-1.9549053;1.675841
1.675841;1.0577508;-0.4550898;-0.8902791
-0.8902791;0.7706422;-0.6032819;3.0347172
3.0347172;2.1174206;3.1975684;0.2827521
0.2827521;3.32605;4.1223242;1.0338346
1.0338346;1.3195099;3.4648701;1.744186
1.744186;2.7960526;6.2151008;0.8571429
0.8571429;2.6162791;3.970311;0.2832861
0.2832861;1.1428571;3.9708647;0.1355932
0.1355932;0.4192635;3.0465116;0.9930038
0.9930038;1.1299435;2.2857143;0.5586592
0.5586592;1.5572106;1.9830028;0.1333333
0.1333333;0.6927374;1.8305085;-0.9653795
-0.9653795;-0.8333333;0.7109005;-1.2661064
-1.2661064;-2.2192632;-1.5418994;0
0;-1.2661064;-2.0888889;0.4312301
0.4312301;0.4312301;-1.7976032;-0.4293785
-0.4293785;0;-1.2661064;2.9845665
2.9845665;2.5423729;2.9845665;-0.1432507
-0.1432507;2.8370404;2.8370404;2.0745972
2.0745972;1.9283747;4.519774;1.4918919
1.4918919;3.5974399;6.5365411;-0.5325948
-0.5325948;0.9513514;2.8980716;0.3962305
0.3962305;-0.1384746;3.4539837;-0.672
-0.672;-0.2784322;0.6702703;0.8161512
0.8161512;0.1386667;0;-0.404772
-0.404772;0.4080756;0.1285072;-1.197861
-1.197861;-1.5977844;-1.4613333;-0.6819658
-0.6819658;-1.8716578;-1.4712199;-0.1416894
-0.1416894;-0.8226889;-2.4073285;-0.9495743
-0.9495743;-1.0899183;-2.9411765;1.9283747
1.9283747;0.960489;0.1298982;-0.9513514
-0.9513514;0.9586777;-0.1416894;-0.1309758
-0.1309758;-1.0810811;-0.1309758;0.273224
0.273224;0.1418904;1.1019284;-1.3623978
-1.3623978;-1.0928962;-2.1621622;0.4198895
0.4198895;-0.9482289;-0.8076839;0.2640845
0.2640845;0.6850829;-0.4153005;-0.4060579
-0.4060579;-0.1430458;-1.0899183;-0.1432507
-0.1432507;-0.548727;0.1325967;0
0;-0.1432507;-0.2860915;-0.960053
-0.960053;-0.960053;-1.5035119;-0.8356546
-0.8356546;-1.7876848;-1.9283747;1.5505618
1.5505618;0.7019499;-0.2648422;0.6859925
0.6859925;2.247191;0.4193335;-0.4175824
-0.4175824;0.2655455;0.9693593;-0.5517546
-0.5517546;-0.967033;1.258427;2.0861074
2.0861074;1.5228426;1.792432;1.0869565
1.0869565;3.195739;2.1978022;1.2043011
1.2043011;2.3043478;3.8622821;-1.0624734
-1.0624734;0.1290323;3.3288948;-0.5369416
-0.5369416;-1.5937102;0.673913;2.0297992
2.0297992;1.4819588;1.6129032;0.5291005
0.5291005;2.5696394;0.9349766;0.2631579
0.2631579;0.7936508;2.2873711;0.6614173
0.6614173;0.9263158;3.5197582;1.8147685
1.8147685;2.488189;3.3015873;-0.5121901
-0.5121901;1.2932833;2.2315789;0.133855
0.133855;-0.3790207;2.0997375;1.4087404
1.4087404;1.5444811;2.8577388;-0.7503549
-0.7503549;0.6478149;0.2663389;0.3780139
0.3780139;-0.3751774;1.1635091;-1.394402
-1.394402;-1.0216592;-0.3804627;1.2799339
1.2799339;-0.1323155;-0.5069966;-1.3962495
-1.3962495;-0.1341866;-1.1544749;1.1679587
1.1679587;-0.2445985;-0.3765903;-0.3882305
-0.3882305;0.7751938;0.639967;0.1230769
0.1230769;-0.2656314;-0.5095801;0.2663389
0.2663389;0.3897436;1.1679587;0
0;0.2663389;0;1.3996731
1.3996731;1.3996731;1.7948718;1.0075567
1.0075567;2.4213322;2.6941201;-5.2369077
-5.2369077;-4.2821159;-2.9423784;-2.2315789
-2.2315789;-7.3516209;-5.1082959;0.9366925
0.9366925;-1.3157895;-5.5415617;-1.3333333
-1.3333333;-0.4091301;-7.7306733;0.2702703
0.2702703;-1.0666667;-2.3684211;0
0;0.2702703;-0.1399655;-0.3989218
-0.3989218;-0.3989218;-1.4613333;1.483005
1.483005;1.0781671;1.3513514;0.672
0.672;2.1649708;1.7574124;1.0595465
1.0595465;1.7386667;2.8355795;-0.6605158
-0.6605158;0.3920322;2.5654904;0.1372032
0.1372032;-0.5242189;1.2053333;-0.6639966
-0.6639966;-0.5277045;-0.137741;-2.7904509
-2.7904509;-3.4359191;-3.9421262;-3.6782362
-3.6782362;-6.3660477;-6.8601583;-1.2804533
-1.2804533;-4.9115914;-8.1787521;1.584022
1.584022;0.2832861;-6.1007958;-0.5649718
-0.5649718;1.010101;-3.9511024;0.4318182
0.4318182;-0.1355932;0.1473088;-0.2941842
-0.2941842;0.1363636;1.1478421;0.2950522
0.2950522;0;-0.1355932;0.2715547
0.2715547;0.5674081;0.7045455;-0.6996163
-0.6996163;-0.4299615;-0.4299615;-1.5681818
-1.5681818;-2.2568269;-1.7022242;-0.8543062
-0.8543062;-2.4090909;-2.8286943;0.1397299
0.1397299;-0.71577;-2.9564432;-1.0232558
-1.0232558;-0.8849558;-3.2727273;2.3496241
2.3496241;1.3023256;0.5772339;-0.8494031
-0.8494031;1.4802632;0.5822077;1.1576754
1.1576754;0.2984389;1.6046512;-0.1487755
-0.1487755;1.0071776;2.5023496;-0.722063
-0.722063;-0.8697642;-0.573921;1.1544678
1.1544678;0.4240688;1.4355175;-0.136955
-0.136955;1.0159317;0.1373312;-1.0057143
-1.0057143;-1.1412919;-0.722063;-0.71577
-0.71577;-1.7142857;-0.71577;0.1395349
0.1395349;-0.5772339;-1.7119379;0.8824895
0.8824895;1.0232558;-0.7085714;0.713628
0.713628;1.6024152;1.0159317;0.5714286
0.5714286;1.2891344;2.3255814;0.4318182
0.4318182;1.0057143;2.6242452;-3.2586558
-3.2586558;-2.8409091;-1.5883978;-2.7836257
-2.7836257;-5.9515728;-5.0057143;0.7579403
0.7579403;-2.0467836;-4.8295455;-0.2985075
-0.2985075;0.4571704;-5.5216112;1.0538922
1.0538922;0.7522388;-1.3099415;-1.3391799
-1.3391799;-0.2994012;0.1564004;0.4444444
0.4444444;-0.9006874;-0.1552239;-1.3393925
-1.3393925;-0.9009009;-1.1976048;-0.3030303
-0.3030303;-1.638364;-2.5242949;0.6079027
0.6079027;0.3030303;-0.6006006;-2.1148036
-2.1148036;-1.5197568;-3.1332217;-0.308642
-0.308642;-2.4169184;-2.1212121;-0.7801858
-0.7801858;-1.0864198;-2.5896657;-2.021967
-2.021967;-2.7863777;-5.1359517;0.4840764
0.4840764;-1.5476785;-2.617284;1.1029412
1.1029412;1.5923567;-1.2383901;-1.7178683
-1.7178683;-0.6338742;-2.1717424;1.2758357
1.2758357;-0.4639498;1.1210191;-1.1085916
-1.1085916;0.1531003;-0.4817444;0
0;-1.1085916;-1.5673981;0.3184713
0.3184713;0.3184713;0.4720592;-0.952381
-0.952381;-0.6369427;-1.7384732;-6.5641026
-6.5641026;-7.4539683;-7.1592357;-2.9226125
-2.9226125;-9.2948718;-9.8726115;-3.180212
-3.180212;-6.0098793;-13.015873;-0.1751825
-0.1751825;-3.3498233;-12.3333333;0.1754899
0.1754899;0;-6.0098793;0
0;0.1754899;-3.180212;0.9051095
0.9051095;0.9051095;0.9051095;-2.34375
-2.34375;-1.459854;-1.286926;-2.5925926
-2.5925926;-4.8755787;-4.0145985;2.0836502
2.0836502;-0.562963;-2.0145985;-1.6686532
-1.6686532;0.3802281;-4.5138889;1.3333333
1.3333333;-0.3575685;-0.9185185;2.9904306
2.9904306;4.3636364;4.7604563;0.3484321
0.3484321;3.3492823;2.9797378;-1.2586806
-1.2586806;-0.9146341;3.4090909;-3.4725275
-3.4725275;-4.6875;-1.4952153;0.5616272
0.5616272;-2.9304029;-3.8182346;1.8867925
1.8867925;2.4590164;-2.34375;-2.4
-2.4;-0.5584906;-3.4725275;-1.335762
-1.335762;-3.7037037;-1.335762;-1.3538462
-1.3538462;-2.671524;-3.2150943;1.1852776
1.1852776;-0.1846154;-3.8814815;0
0;1.1852776;-1.5179114;-0.9710234
-0.9710234;-0.9710234;-1.1538462;-1.7587549
-1.7587549;-2.7127004;-1.5595758;-2.9626109
-2.9626109;-4.6692607;-5.5949445;1.6326531
1.6326531;-1.378327;-4.0536375;1.6064257
1.6064257;3.2653061;-1.5564202;2.5770751
2.5770751;4.2248996;2.7883397;0.7706535
0.7706535;3.3675889;6.7428571;0.9483022
0.9483022;1.7262639;6.0240964;3.4090909
3.4090909;4.3897216;7.9051383;-0.7326007
-0.7326007;2.6515152;4.4235512;0.1918819
0.1918819;-0.5421245;3.8237993;-0.9281084
-0.9281084;-0.7380074;1.8939394;-0.3717472
-0.3717472;-1.2964054;-1.8315018;-1.6716418
-1.6716418;-2.0371747;-2.7601476;-0.7589557
-0.7589557;-2.4179104;-3.6829699;-4.2214745
-4.2214745;-4.948391;-6.8847584;-1.3893325
-1.3893325;-5.5521566;-7.8358209;1.0202429
1.0202429;-0.3832641;-5.3126897;0.801539
0.801539;1.8299595;-3.8237993;-10.7506361
-10.7506361;-10.0352677;-10.3800703;-7.5552388
-7.5552388;-17.4936387;-15.9838057;2.1588281
2.1588281;-5.5595153;-15.0368708;-3.0566038
-3.0566038;-0.9637625;-18.2888041;-4.8657065
-4.8657065;-7.7735849;-12.9009266;5.8715221
5.8715221;0.7201246;-0.2505783;-0.9661836
-0.9661836;4.8486088;-3.3018868;2.9268293
2.9268293;1.9323671;2.6664072;-1.8957346
-1.8957346;0.9756098;5.8715221;-3.8647343
-3.8647343;-5.6872038;-3.8647343;0.7437186
0.7437186;-3.1497585;-2.204878;0.518755
0.518755;1.2663317;-4.492891;-0.5160778
-0.5160778;0;-3.1497585;-2.4740623
-2.4740623;-2.977372;-1.7487437;-1.8003273
-1.8003273;-4.2298484;-4.2298484;-2.0833333
-2.0833333;-3.8461538;-6.7090115;-1.0638298
-1.0638298;-3.125;-7.2226656;2.688172
2.688172;1.5957447;-2.311784;2.0942408
2.0942408;4.8387097;1.5625;-2.0512821
-2.0512821;0;1.5957447;2.0942408
2.0942408;0;4.8387097;-1.025641
-1.025641;1.0471204;1.0471204;2.5906736
2.5906736;1.5384615;1.5384615;-2.2626263
-2.2626263;0.2694301;1.3193717;-3.1004547
-3.1004547;-5.2929293;-3.8358974;-1.0665529
-1.0665529;-4.1339396;-3.8756477;4.829668
4.829668;3.7116041;-1.7777778;0.5347594
0.5347594;5.3902544;1.0334849;0.2454992
0.2454992;0.7815714;4.5221843;1.2653061
1.2653061;1.5139116;6.9857697;1.2696493
1.2696493;2.5510204;3.3525298;2.4875622
2.4875622;3.7887948;5.3600655;2.1747573
2.1747573;4.7164179;7.3877551;-0.950209
-0.950209;1.2038835;5.038291;-1.9186493
-1.9186493;-2.8506271;1.7313433;0.5086072
0.5086072;-1.4198005;-0.2330097;1.2066952
1.2066952;1.7214397;-1.1782592;1.6923077
1.6923077;2.9194239;1.4581734;0.9455371
0.9455371;2.6538462;4.4209703;-2.1168977
-2.1168977;-1.1913767;1.6932659;-2.1626794
-2.1626794;-4.2337954;-1.6923077;-0.7237872
-0.7237872;-2.8708134;-4.0279879;-1.4778325
-1.4778325;-2.1909233;-6.3319595;1
1;-0.4926108;-3.3492823;0
0;1;-1.2128326;0
0;0;-0.4926108;1.4851485
1.4851485;1.4851485;2.5;-0.2536585
-0.2536585;1.2277228;1.2277228;1.486698
1.486698;1.2292683;2.7326733;3.6044719
3.6044719;5.1447574;6.4356436;1.172093
1.172093;4.8188126;6.1073171;0.6803972
0.6803972;1.8604651;7.100939;-0.913242
-0.913242;-0.2390585;4.5682344;1.843318
1.843318;0.913242;2.7906977;-0.6696833
-0.6696833;1.1612903;0.9194557;0.6741983
0.6741983;0;0.913242;1.5746606
1.5746606;2.2594752;3.4470046;0.890948
0.890948;2.479638;2.479638;-1.3069587
-1.3069587;-0.427655;1.8221574;-1.789549
-1.789549;-3.073119;-0.6696833;1.3483965
1.3483965;-0.4652827;-0.890948;-1.1147069
-1.1147069;0.2186589;-2.8611798;0.2181818
0.2181818;-0.8989572;-1.3600573;-1.1248186
-1.1248186;-0.9090909;-0.6924198;0.2201835
0.2201835;-0.9071118;-1.7979144;-1.5928231
-1.5928231;-1.3761468;-2.2727273;-0.2418605
-0.2418605;-1.8308312;-2.7213353;1.1749347
1.1749347;0.9302326;-0.4587156;-5.7695853
-5.7695853;-4.6624394;-6.4079092;-1.2128326
-1.2128326;-6.9124424;-6.0465116;1.7425743
1.7425743;0.5086072;-4.1775457;0.7201246
0.7201246;2.4752475;-4.6082949;-3.3816425
-3.3816425;-2.68587;-2.1909233;1.76
1.76;-1.6811594;0.7524752;1.9654088
1.9654088;3.76;0.9731413;1.4263685
1.4263685;3.4198113;1.6811594;0
0;1.4263685;5.24;-1.1782592
-1.1782592;-1.1782592;2.2012579;0.4807692
0.4807692;-0.7031547;0.7131843;-3.8277512
-3.8277512;-3.3653846;-4.5039909;1.4925373
1.4925373;-2.3923445;-3.0786773;-3.1764706
-3.1764706;-1.7313433;-5.0384615;-0.7695423
-0.7695423;-3.9215686;-6.2200957;-0.5102041
-0.5102041;-1.2758202;-2.9850746;0.5128205
0.5128205;0;-3.9215686;0.5102041
0.5102041;1.025641;-0.2632645;2.7817259
2.7817259;3.3061224;3.3061224;-2.9632556
-2.9632556;-0.2639594;0.7589744;-1.262215
-1.262215;-4.188068;-1.0204082;-1.5463918
-1.5463918;-2.7890879;-3.0456853;1.3193717
1.3193717;-0.2474227;-4.4251284;0
0;1.3193717;-1.5065147;3.1004547
3.1004547;3.1004547;2.8453608;-2.0048115
-2.0048115;1.0334849;2.3664921;-0.5319149
-0.5319149;-2.5260626;0.4960728;1.2957631
1.2957631;0.7569558;1.7982637;0
0;1.2957631;-1.2630313;0.2639594
0.2639594;0.2639594;1.0229133;-2.2883759
-2.2883759;-2.0304569;-0.7610037;0.7668394
0.7668394;-1.5390846;-1.2791878;0.5347594
0.5347594;1.3056995;-0.751269;0
0;0.5347594;-1.0125557;-1.8003273
-1.8003273;-1.8003273;-0.5181347;-1.0416667
-1.0416667;-2.8232406;-2.3035788;0.8
0.8;-0.25;-2.0458265;-0.5430242
-0.5430242;0.2526316;-2.5777414;2.897942
2.897942;2.3391813;2.0833333;1.2653061
1.2653061;4.199916;4.4631579;-0.7456671
-0.7456671;0.5102041;2.86132;-1.7664975
-1.7664975;-2.4989923;1.5959681;2.8317487
2.8317487;1.0152284;1.5306122;1.2663317
1.2663317;4.1339396;1.5316405;4.7042477
4.7042477;6.0301508;7.106599;0.9478673
0.9478673;5.696705;10.066143;-0.9389671
-0.9389671;0;6.0301508;-1.4218009
-1.4218009;-2.3474178;3.2155617;3.6153846
3.6153846;2.1421801;2.1421801;0
0;3.6153846;1.1830986;0.2227171
0.2227171;0.2227171;2.3696682;-3.2407407
-3.2407407;-3.0252413;0.4807692;0
0;-3.2407407;-3.0252413;1.2057416
1.2057416;1.2057416;-1.8559762;-0.7186082
-0.7186082;0.4784689;-2.7777778;0
0;-0.7186082;0.4784689;-0.952381
-0.952381;-0.952381;-0.4784689;-4.0769231
-4.0769231;-4.9904762;-5.6732224;1.0024058
1.0024058;-3.1153846;-4.0380952;-1.5085351
-1.5085351;-0.521251;-5.4857143;-0.4836759
-0.4836759;-1.9849146;-5.0384615;-0.2632645
-0.2632645;-0.7456671;-1.2630313;0
0;-0.2632645;-2.2429536;-1.2791878
-1.2791878;-1.2791878;-2.0153164;0.2673797
0.2673797;-1.0152284;-1.2758202;2.0512821
2.0512821;2.3241464;1.0152284;1.2663317
1.2663317;3.3435897;2.2944162;-1.9849146
-1.9849146;-0.7437186;1.5631427;0
0;-1.9849146;1.2923077;-0.2632645
-0.2632645;-0.2632645;-1.0050251;-2.0304569
-2.0304569;-2.2883759;-4.2278682;-2.8393782
-2.8393782;-4.8121827;-5.0627785;-0.5546075
-0.5546075;-3.3782383;-5.5893074;0
0;-0.5546075;-5.3401015;0
0;0;-3.3782383;3.2175032
3.2175032;3.2175032;2.6450512;-1.039069
-1.039069;2.1450021;2.1450021;-0.5039899
-0.5039899;-1.5378221;1.6302016;0.2532714
0.2532714;-0.251995;1.8876019;-3.9578947
-3.9578947;-3.7146475;-5.195345;-4.3840421
-4.3840421;-8.1684211;-8.399832;-1.6964695
-1.6964695;-6.0061377;-9.4976783;1.7257463
1.7257463;0;-8.1684211;-0.5502063
-0.5502063;1.1660448;-4.9101271;-2.604887
-2.604887;-3.1407611;-3.1407611;0.3076923
0.3076923;-2.3052098;-1.1660448;7.6451156
7.6451156;7.9763314;4.5850527;-3.5510741
-3.5510741;3.8225578;1.4292301;-0.2727273
-0.2727273;-3.8141166;3.8579882;1.4129444
1.4129444;1.1363636;5.0023596;-1.3932584
-1.3932584;0;-3.8141166;-1.1394713
-1.1394713;-2.5168539;-1.4090909;2.3052098
2.3052098;1.1394713;1.1394713;-1.4195584
-1.4195584;0.8529276;-1.6853933;-0.8457143
-0.8457143;-2.2532672;-1.1394713;-0.5993545
-0.5993545;-1.44;-0.5993545;0.3014842
0.3014842;-0.2996773;-2.546192;-2.3121387
-2.3121387;-2.0176252;-3.4285714;-1.183432
-1.183432;-3.4682081;-3.7574919;-0.3113772
-0.3113772;-1.4911243;-3.4786642;-1.4896684
-1.4896684;-1.7964072;-5.2023121;4.8780488
4.8780488;3.3157136;1.7751479;-0.5813953
-0.5813953;4.2682927;2.3952096;0.5847953
0.5847953;0;3.3157136;0.2790698
0.2790698;0.8654971;5.1707317;2.9220779
2.9220779;3.2093023;3.2093023;-1.1266336
-1.1266336;1.7625232;2.6432749;0.2734731
0.2734731;-0.8562416;2.3255814;0
0;0.2734731;2.0408163;0.2727273
0.2727273;0.2727273;-0.5858495;1.1332729
1.1332729;1.4090909;1.6864175;2.5324966
2.5324966;3.6944696;3.9772727;0.284153
0.284153;2.8238458;4.2727273;0.2615519
0.2615519;0.5464481;4.2611061;-0.5434783
-0.5434783;-0.2833479;2.5324966;-0.5464481
-0.5464481;-1.0869565;-0.5464481;-2.4615385
-2.4615385;-2.9945355;-3.2693984;0
0;-2.4615385;-3.5217391;-1.4195584
-1.4195584;-1.4195584;-4.3715847;0.2971429
0.2971429;-1.1266336;-3.5604396;-0.8659982
-0.8659982;-0.5714286;-1.9828752;0.2758621
0.2758621;-0.5925251;-1.7124831;-0.2751032
-0.2751032;0;-0.5714286;-0.2758621
-0.2758621;-0.5502063;-1.1394713;-2.604887
-2.604887;-2.8735632;-2.8735632;-0.3076923
-0.3076923;-2.9045643;-3.4387895;-0.5698006
-0.5698006;-0.8757396;-3.7241379;0
0;-0.5698006;-3.4578147;-0.3104107
-0.3104107;-0.3104107;-1.183432;0
0;-0.3104107;-0.8784425;0
0;0;-0.3104107;-0.3113772
-0.3113772;-0.3113772;-0.6208214;0.9130226
0.9130226;0.5988024;0.5988024;4.4761905
4.4761905;5.4300817;5.1017964;0.8432088
0.8432088;5.3571429;5.988024;-1.1299435
-1.1299435;-0.2962625;5.1177319;0.5714286
0.5714286;-0.5649718;4.7619048;0
0;0.5714286;0.2734731;0.5681818
0.5681818;0.5681818;0;-0.2937853
-0.2937853;0.2727273;0.8457143;-0.8386219
-0.8386219;-1.1299435;-0.5681818;-1.44
-1.44;-2.2665458;-2;-1.1595547
-1.1595547;-2.5828571;-3.6836158;4.4110746
4.4110746;3.2003711;0.8612874;-1.1235955
-1.1235955;3.2379165;0.5714286;-1.4090909
-1.4090909;-2.5168539;0.6029685;0.5532503
0.5532503;-0.8636364;2.3463163;3.1636864
3.1636864;3.7344398;1.1235955;-1.1111111
-1.1111111;2.0174232;1.1363636;0.8539326
0.8539326;-0.2666667;3.4578147;3.0525847
3.0525847;3.9325843;6.0293443;-0.5405405
-0.5405405;2.4955437;2.2222222;-0.5434783
-0.5434783;-1.0810811;2.8089888;0.5464481
0.5464481;0;2.4955437;3.8043478
3.8043478;4.3715847;3.2432432;6.5549738
6.5549738;10.6086957;10.6086957;-0.2555031
-0.2555031;6.2827225;10.9289617;-1.9704433
-1.9704433;-2.2209119;8.1521739;0.2613065
0.2613065;-1.7142857;4.460733;0.7417803
0.7417803;1.0050251;-1.2382075;-2.2487562
-2.2487562;-1.5236568;-3.2118227;1.5472313
1.5472313;-0.7363184;0.2613065;4.2502005
4.2502005;5.8631922;4.2502005;-0.7307692
-0.7307692;3.4883721;2.7263682;-1.2010849
-1.2010849;-1.9230769;3.8273616;3.4313725
3.4313725;2.189074;5.7538091;-1.6492891
-1.6492891;1.7254902;-0.2307692;1.6769468
1.6769468;0;2.189074;-1.6492891
-1.6492891;0;1.7254902;0.231303
0.231303;-1.4218009;-1.4218009;2.1538462
2.1538462;2.3901311;2.3901311;3.7650602
3.7650602;6;4.492891;1.1429608
1.1429608;4.9510542;7.459522;-2.4573991
-2.4573991;-1.3425254;4.5769231;-0.9194557
-0.9194557;-3.3542601;1.4307229;-1.4105419
-1.4105419;-2.3170283;-3.628447;1.185994
1.185994;-0.2412769;-3.5874439;-0.4651163
-0.4651163;0.7153614;-1.618242;0.4672897
0.4672897;0;-0.2412769;0
0;0.4672897;1.185994;0.2418605
0.2418605;0.2418605;0.2418605;-0.4825538
-0.4825538;-0.2418605;0.2242991;3.0399105
3.0399105;2.5426875;2.7906977;3.8552036
3.8552036;7.0123088;6.7534884;-2.1958871
-2.1958871;1.5746606;4.1573868;1.3542409
1.3542409;-0.8713838;6.079821;1.0900141
1.0900141;2.4590164;4.0723982;3.9130435
3.9130435;5.0457103;4.130359;-2.292887
-2.292887;1.5304348;4.0270848;0.4110997
0.4110997;-1.8912134;3.0590717;1.0747185
1.0747185;1.4902364;3.0434783;-1.0632911
-1.0632911;0;-1.8912134;0.8529512
0.8529512;-0.2194093;1.2675574;-1.2516915
-1.2516915;-0.4094166;-0.4094166;-0.445358
-0.445358;-1.691475;-1.907173;-1.9270475
-1.9270475;-2.3638232;-2.7635619;-0.877193
-0.877193;-2.7873365;-4.4316644;1.9823009
1.9823009;1.0877193;-1.3018157;2.3950017
2.3950017;4.4247788;1.5141087;0.8474576
0.8474576;3.262756;4.3859649;-1.6806723
-1.6806723;-0.8474576;3.539823;0.6495726
0.6495726;-1.0420168;2.1867407;0.6283967
0.6283967;1.2820513;0.4237288;-1.0632911
-1.0632911;-0.4415761;-1.4789916;-0.8529512
-0.8529512;-1.907173;-0.6495726;1.0839642
1.0839642;0.2217673;-0.220788;-0.2212766
-0.2212766;0.8602891;-1.0632911;-1.9106107
-1.9106107;-2.1276596;-1.9106107;-0.6608696
-0.6608696;-2.5588536;-1.7205781;-1.9607843
-1.9607843;-2.6086957;-4.6808511;-1.3392857
-1.3392857;-3.2738095;-5.7488912;0
0;-1.3392857;-3.9130435;6.0995475
6.0995475;6.0995475;2.6260504;-0.6311839
-0.6311839;5.4298643;4.0178571;-3.2103004
-3.2103004;-3.8212214;2.0452489;1.3125222
1.3125222;-1.9399142;3.3846154;1.1029412
1.1029412;2.4299397;-1.4841351;-2.1645022
-2.1645022;-1.0854342;-3.0042918;0
0;-2.1645022;0.2128414;-0.2123894
-0.2123894;-0.2123894;-1.2955182;-1.1174175
-1.1174175;-1.3274336;-3.4632035;-6.7264574
-6.7264574;-7.7687123;-7.9646018;4.3269231
4.3269231;-2.690583;-3.9823009;-1.1612903
-1.1612903;3.1153846;-4.895353;-0.9324879
-0.9324879;-2.0829493;-4.7174888;-0.4518072
-0.4518072;-1.3800821;1.6923077;0.6996974
0.6996974;0.2447289;-1.843318;1.4084507
1.4084507;2.118003;0.7086908;0.9259259
0.9259259;2.3474178;2.5978916;0.2201835
0.2201835;1.1481481;3.290469;-3.4236543
-3.4236543;-3.2110092;-0.9389671;-0.2464455
-0.2464455;-3.6616624;-2.5555556;1.9004181
1.9004181;1.6492891;-1.6146789;-0.2237971
-0.2237971;1.6723679;-2.0505309;-1.1588785
-1.1588785;-1.3800821;0.2464455;0
0;-1.1588785;0.4941087;0
0;0;-1.3800821;1.3993949
1.3993949;1.3993949;0.2242991;-1.156285
-1.156285;0.2269289;0.2269289;-0.7169811
-0.7169811;-1.8649758;-0.4916793;0
0;-0.7169811;-0.4916793;-0.7031547
-0.7031547;-0.7031547;-2.5550168;4.784689
4.784689;4.0478905;3.3018868;1.1506849
1.1506849;5.9904306;5.2451539;1.1195377
1.1195377;2.283105;6.4234132;-0.2142857
-0.2142857;0.902853;6.9473684;2.8990694
2.8990694;2.6785714;5.0228311;-0.2086957
-0.2086957;2.6843236;3.6114121;1.5162077
1.5162077;1.3043478;4.0178571;-0.6351931
-0.6351931;0.8713838;3.5790981;-1.3130615
-1.3130615;-1.9399142;-0.6608696;2.6260504
2.6260504;1.2785073;2.1610317;-0.6311839
-0.6311839;1.9782913;0;-1.7167382
-1.7167382;-2.3370863;-1.0884589;-1.5196507
-1.5196507;-3.2103004;-1.2955182;-4.2213551
-4.2213551;-5.6768559;-7.8812692;-0.7037037
-0.7037037;-4.895353;-7.9484979;-1.8649758
-1.8649758;-2.5555556;-8.0873362;1.6723679
1.6723679;-0.2237971;-5.1081944;2.0934579
2.0934579;3.8008362;1.1481481;-2.9659465
-2.9659465;-0.9345794;-1.156285;0.7169811
0.7169811;-2.2702307;1.4443177;-0.4870738
-0.4870738;0.2264151;-0.7102804;0
0;-0.4870738;-2.7462468;-1.1671687
-1.1671687;-1.1671687;-0.9433962;0.952381
0.952381;-0.2259036;-0.7118771;-0.2264151
-0.2264151;0.7238095;-0.4518072;-0.9455371
-0.9455371;-1.1698113;-1.3930723;2.8636884
2.8636884;1.8910741;2.6285714;-1.6332591
-1.6332591;1.1836579;0;0.7169811
0.7169811;-0.9279881;0.9455371;0
0;0.7169811;1.9091256;-2.1168977
-2.1168977;-2.1168977;-3.0252413;11.7320574
11.7320574;9.366804;10.1509434;0.6337787
0.6337787;12.4401914;10.0599475;0.8510638
0.8510638;1.4902364;10.996628;-1.2658228
-1.2658228;-0.4255319;11.9617225;-2.3589744
-2.3589744;-3.5949367;-2.1582734;0.6652661
0.6652661;-1.7094017;-2.1276596;0.8695652
0.8695652;1.5406162;-2.1097046;0.6551724
0.6551724;1.5304348;-0.2051282;-1.0791367
-1.0791367;-0.4310345;1.1029412;-1.0909091
-1.0909091;-2.1582734;-0.6608696;-1.0854342
-1.0854342;-2.1645022;-2.5862069;0.8849558
0.8849558;-0.210084;-2.3638232;1.754386
1.754386;2.6548673;0.4329004;-1.2931034
-1.2931034;0.4385965;0.227591;0
0;-1.2931034;1.3274336;0.4366812
0.4366812;0.4366812;0.877193;1.7391304
1.7391304;2.1834061;0.862069;4.7008547
4.7008547;6.5217391;6.9868996;-0.8163265
-0.8163265;3.8461538;6.1135371;1.037037
1.037037;0.2122449;6.7478261;1.2056044
1.2056044;2.255144;6.1880342;-0.5956214
-0.5956214;0.6028022;0.8163265;2.2186235
2.2186235;1.6097875;3.9012346;0.792142
0.792142;3.0283401;3.6493972;0.5972964
0.5972964;1.3941698;3.0264005;-0.59375
-0.59375;0;3.0283401;-0.9745363
-0.9745363;-1.5625;-0.1901141;0.7936508
0.7936508;-0.1886199;-0.1886199;-2.3622047
-2.3622047;-1.5873016;-3.125;-1.6129032
-1.6129032;-3.9370079;-4.1182018;2.6557377
2.6557377;1;-0.6031746;0
0;2.6557377;-1.3858268;-1.5969339
-1.5969339;-1.5969339;-0.6129032;0.6166829
0.6166829;-0.990099;1.6393443;1
1;1.6228497;0;1.8045353
1.8045353;2.8225806;1.8045353;1.9607843
1.9607843;3.8007027;5.4852321;-1.9230769
-1.9230769;0;2.8225806;-1.3647059
-1.3647059;-3.2615385;0.4152028;-0.7951654
-0.7951654;-2.1490196;-2.1490196;-1.2183392
-1.2183392;-2.0038168;-5.2;-1.0061668
-1.0061668;-2.2122475;-4.3137255;1.6393443
1.6393443;0.6166829;-1.3994911;-1.8064516
-1.8064516;-0.1967213;-2.4046169;-1.6425756
-1.6425756;-3.4193548;-2.8237585;2.7054108
2.7054108;1.0183968;0.8196721;-0.6178862
-0.6178862;2.0708083;-1.4193548;-1.210733
-1.210733;-1.8211382;-0.8212878;-2.6995694
-2.6995694;-3.8776178;-1.8871075;-2.9787234
-2.9787234;-5.5978801;-7.3170732;-1.3157895
-1.3157895;-4.2553191;-7.9679319;1.3333333
1.3333333;0;-5.5978801;-0.4385965
-0.4385965;0.8888889;-3.4042553;-0.2290749
-0.2290749;-0.6666667;-0.6666667;-1.7661604
-1.7661604;-1.9911894;-1.12;0.4674577
0.4674577;-1.3069587;-1.9649123;1.5569077
1.5569077;2.0316433;0;2.6431718
2.6431718;4.2412312;2.8788414;-2.3519313
-2.3519313;0.2290749;2.2653722;0
0;-2.3519313;1.789549;-2.2151899
-2.2151899;-2.2151899;-1.9911894;0.4674577
0.4674577;-1.7580872;-4.0686695;11.6320687
11.6320687;12.1539015;9.6694796;-1.6030779
-1.6030779;9.8425197;7.9113924;1.4173998
1.4173998;-0.2084001;11.9201726;0.2088353
0.2088353;1.6291952;11.6320687;0.1923693
0.1923693;0.4016064;0.1923693;-0.4
-0.4;-0.2084001;1.4173998;-0.5943775
-0.5943775;-0.992;-0.5943775;1.616031
1.616031;1.0120482;0.801539;-1.0019084
-1.0019084;0.5979315;-0.4;1.2048193
1.2048193;0.1908397;1.2048193;0.1904762
0.1904762;1.3975904;2.0038785;-1.1723701
-1.1723701;-0.984127;-0.7951654;1.3946778
1.3946778;0.2059569;1.6064257;1.9762846
1.9762846;3.3985252;2.3809524;-0.5891473
-0.5891473;1.3754941;1.5842839;0.7797879
0.7797879;0.1860465;3.5908945;-1.3463324
-1.3463324;-0.577043;0.7905138;0.9882353
0.9882353;-0.371402;-0.1860465;0.3727866
0.3727866;1.3647059;0.7797879;0.4023522
0.4023522;0.7766387;0.4023522;2.1115906
2.1115906;2.5224389;3.9215686;2.8226415
2.8226415;4.9938348;5.8092575;-0.5431591
-0.5431591;2.2641509;4.8437016;-0.1918819
-0.1918819;-0.7339988;4.2231813;-0.3549246
-0.3549246;-0.5461255;1.7056604;2.9682398
2.9682398;2.6027802;1.849677;0.8936293
0.8936293;3.8883942;3.3210332;-0.8857143
-0.8857143;0;2.6027802;0
0;-0.8857143;2.9682398;-1.2683771
-1.2683771;-1.2683771;-1.2683771;-0.9051095
-0.9051095;-2.1620063;-3.0285714;-0.9281084
-0.9281084;-1.8248175;-3.070049;0.3717472
0.3717472;-0.5598114;-2.7097146;0
0;0.3717472;-1.459854;0.562963
0.562963;0.562963;0;-0.9281084
-0.9281084;-0.3703704;0;0.936803
0.936803;0;0.562963;2.0182675
2.0182675;2.9739777;2.5925926;0.7220217
0.7220217;2.7548615;2.7548615;0
0;0.7220217;3.7174721;1.7921147
1.7921147;1.7921147;4.5963465;-0.8732394
-0.8732394;0.9032258;1.631769;-0.1847116
-0.1847116;-1.056338;0.7168459;-1.0676157
-1.0676157;-1.2503552;-0.3584229;0.1726619
0.1726619;-0.8967972;-1.943662;-0.7181844
-0.7181844;-0.5467626;-1.7902813;-0.1736111
-0.1736111;-0.8905487;-1.7793594;0
0;-0.1736111;-0.7194245;-0.7246377
-0.7246377;-0.7246377;-1.6087331;1.459854
1.459854;0.7246377;0.5497685;0.1726619
0.1726619;1.6350365;0.8985507;-1.062913
-1.062913;-0.8920863;-0.173913;-0.7259001
-0.7259001;-1.7810974;-0.1751825;1.0821878
1.0821878;0.3484321;-0.5467626;-0.5353009
-0.5353009;0.5410939;-1.2496409;3.4472727
3.4472727;2.8935185;3.2520325;0.5343082
0.5343082;4;4.5627376;0.1678322
0.1678322;0.7030371;3.6168981;2.094387
2.094387;2.2657343;6.3563636;-1.1898249
-1.1898249;0.8796426;1.5888639;1.2041522
1.2041522;0;2.2657343;0.1777899
0.1777899;1.384083;2.2759006;1.7064846
1.7064846;1.8873085;1.8873085;1.1812081
1.1812081;2.9078498;4.3321799;-0.5041125
-0.5041125;0.6711409;2.571116;-0.5066667
-0.5066667;-1.008225;1.8703072;-2.1709997
-2.1709997;-2.6666667;-2.0134228;1.2054795
1.2054795;-0.9916912;-1.9899178;0.6767731
0.6767731;1.890411;-0.8266667;-0.3495563
-0.3495563;0.3248511;-0.6700616;2.698327
2.698327;2.3393385;4.2739726;-2.1282186
-2.1282186;0.5126821;0.8391987;-0.8322148
-0.8322148;-2.942722;-0.6722237;0.5008121
0.5008121;-0.3355705;0.1753913;-1.010101
-1.010101;-0.5143476;-3.4419338;-3.2380952
-3.2380952;-4.2154882;-4.5369128;1.0686164
1.0686164;-2.2040816;-2.7070926;1.5581525
1.5581525;2.6434196;-1.6835017;1.369863
1.369863;2.94936;0.6802721;-2.7027027
-2.7027027;-1.369863;1.2373453;0.5277778
0.5277778;-2.1891892;0.6956038;0.6907986
0.6907986;1.2222222;-0.1643836;0.3293085
0.3293085;1.0223819;-1.1891892;-0.5060175
-0.5060175;-0.1783754;1.0416667;0.5085911
0.5085911;0;1.0223819;0.1777899
0.1777899;0.6872852;0.5076839;-0.5051195
-0.5051195;-0.3282276;-0.3282276;-4.2947311
-4.2947311;-4.778157;-4.1237113;0.3584229
0.3584229;-3.9517014;-4.2669584;1.0714286
1.0714286;1.4336918;-3.4129693;-0.1837456
-0.1837456;0.8857143;-3.1009879;0
0;-0.1837456;1.2473118;0.1840838
0.1840838;0.1840838;1.0714286;-1.7667845
-1.7667845;-1.585953;-1.7667845;2.705036
2.705036;0.8904594;1.0761824;0
0;2.705036;1.0761824;0.3362286
0.3362286;0.3362286;1.229682;-0.5166155
-0.5166155;-0.1821238;2.5179856;-1.5859649
-1.5859649;-2.094387;-1.7652003;1.9680548
1.9680548;0.3508772;0.1681143;-1.2307692
-1.2307692;0.7130633;-1.396258;-1.2319456
-1.2319456;-2.4475524;-2.1052632;0.7168459
0.7168459;-0.5239309;0.1853965;0.3558719
0.3558719;1.0752688;-1.3986014;-0.5390071
-0.5390071;-0.1850534;-0.7080147;2.13919
2.13919;1.5886525;2.6810036;-1.2147445
