-3.769144453;-1;1
-3.139684982;1;0
-3.284875402;-1;1
0.811277477;-1;0
-1.67026035;1;0
-2.509703474;1;0
0.349195629;1;1
2.579650139;1;1
7.499656192;1;1
1.428221241;-1;0
0.642113888;1;1
-3.183468793;1;0
0.514775719;1;1
1.042175518;1;1
0.811378272;1;1
0.424860488;1;1
-0.793833186;-1;1
1.289558683;1;1
-2.088767622;1;0
-1.524938859;1;0
-0.929658859;1;0
-0.130422903;-1;1
-0.520052884;1;0
-3.384774318;1;0
0.034089925;1;1
1.690578245;1;1
-1.142469779;1;0
0.319952803;1;1
-1.103237952;1;0
1.266639179;-1;0
-0.048633113;-1;1
-4.894577205;-1;1
-5.724276433;1;0
-4.837741652;-1;1
-2.552211784;1;0
-6.557494179;-1;1
-1.058179744;1;0
-4.045447752;-1;1
0.77251773;1;1
-1.759631634;-1;1
1.406308348;-1;0
-2.938853708;-1;1
-2.827129424;-1;1
-4.085487205;-1;1
-5.106322374;1;0
-3.989685567;-1;1
0.539443081;-1;0
-3.485748112;1;0
-3.394722776;-1;1
-3.308888171;-1;1
-17.69589779;-1;1
-3.069129605;-1;1
-4.069668766;1;0
-1.041349425;1;0
1.228104624;-1;0
-1.016145816;1;0
-2.241632176;-1;1
-0.382285391;1;0
-3.012113219;-1;1
0.003186556;1;1
-1.299209569;-1;1
-0.971332865;1;0
-2.227049025;-1;1
-1.158213226;-1;1
-3.360732198;-1;1
-1.296985305;-1;1
-2.423834268;-1;1
-4.099784238;1;0
-2.444101677;1;0
2.088139168;-1;0
-0.322116769;-1;1
-1.306999033;-1;1
-1.627625091;-1;1
-2.323791982;-1;1
-1.207555753;-1;1
-1.243398326;-1;1
-1.473138606;-1;1
-2.364688656;-1;1
-4.489326314;1;0
-2.936255421;1;0
0.876128849;-1;0
0.919779232;-1;0
-3.739965134;-1;1
-1.475066893;1;0
-2.199839519;1;0
2.047408284;-1;0
1.178724252;1;1
-3.378147428;1;0
2.273550689;-1;0
-1.549170002;1;0
-4.570740425;-1;1
0.801094232;-1;0
-1.41608218;-1;1
-1.858348533;1;0
-2.201107528;-1;1
3.082813989;1;1
-0.774305348;1;0
-0.371755756;-1;1
-0.973718111;1;0
-2.047192139;1;0
-0.109853392;1;0
1.335165256;-1;0
-0.940874408;-1;1
-3.046089262;-1;1
-3.081321701;-1;1
-1.352022026;1;0
-1.928602367;-1;1
-0.320459796;-1;1
-1.108582047;-1;1
-1.892413674;-1;1
-1.866530688;-1;1
-1.199578156;1;0
-1.431581738;1;0
1.068320441;-1;0
-1.009500497;1;0
-2.891328142;-1;1
-0.317070285;1;0
-1.93051804;-1;1
0.440602043;-1;0
-1.811654951;-1;1
-1.95336063;1;0
-0.878522611;1;0
1.170762591;-1;0
0.065224196;1;1
-1.735387766;1;0
0.471550259;-1;0
1.449251875;-1;0
-2.092866792;-1;1
-1.684926599;1;0
-0.957527647;-1;1
0.75578131;-1;0
-1.431026061;-1;1
-3.942447251;1;0
-0.500145893;1;0
2.473811862;1;1
2.51537754;-1;0
0.813918613;1;1
-2.410729769;-1;1
-0.596394363;-1;1
-1.006847747;1;0
-0.480028855;1;0
0.44312785;-1;0
-0.522791057;-1;1
-1.190494451;-1;1
-0.930382134;1;0
-1.638011846;-1;1
-0.075449263;-1;1
-1.800011483;1;0
-2.313340233;-1;1
-0.409648077;-1;1
-1.15219034;1;0
-0.848902945;-1;1
-0.265640249;-1;1
-1.26709414;-1;1
-1.202103963;-1;1
-3.258585107;1;0
-2.175998147;-1;1
0.428848244;-1;0
-0.94466174;1;0
-1.880502704;1;0
0.237884138;1;1
-0.127601442;-1;1
-0.48277832;1;0
-1.145964945;1;0
1.116946307;1;1
1.477095427;1;1
0.981019923;-1;0
0.085257134;1;1
-0.793027434;1;0
1.174334235;-1;0
1.008165435;1;1
-1.978477144;1;0
2.125899732;-1;0
2.208535282;1;1
-2.031658817;1;0
0.41495328;1;1
0.837757982;-1;0
-0.384308907;-1;1
-1.659587429;1;0
-1.558202245;1;0
-0.095640106;-1;1
0.465298633;-1;0
-2.023543982;-1;1
-1.657086853;1;0
-3.765000712;-1;1
0.671615414;-1;0
-2.404536088;-1;1
-3.12191583;-1;1
-3.488899161;1;0
-1.39346076;-1;1
-0.035091407;-1;1
-1.877419734;1;0
-0.903806592;1;0
2.53585731;1;1
-0.172045531;1;0
1.728796932;-1;0
2.317630559;-1;0
-4.482116756;1;0
-2.746398424;-1;1
-0.083812502;-1;1
-1.262954204;-1;1
-2.820126186;-1;1
-0.665493515;-1;1
-0.971239961;1;0
-0.841053293;1;0
-0.128074506;1;0
0.503048068;-1;0
0.575331903;1;1
-3.094780129;-1;1
-0.766170849;-1;1
-2.379218343;-1;1
-1.006834131;1;0
0.253716953;1;1
3.549440347;-1;0
-0.242800654;-1;1
-1.015877311;-1;1
-1.698985034;1;0
-0.986631675;-1;1
-0.148967468;1;0
-5.016324535;-1;1
0.533306779;-1;0
-1.709112089;-1;1
-1.772585853;-1;1
-0.775936173;1;0
-1.155397766;1;0
0.665924024;-1;0
2.044855762;-1;0
-5.437403267;-1;1
-2.625516632;-1;1
-0.896216957;-1;1
-1.862649452;1;0
-1.767235776;-1;1
-0.238516162;-1;1
-2.712620208;1;0
-4.677814997;1;0
1.702351654;1;1
1.956264808;-1;0
0.765815138;-1;0
-1.212908639;-1;1
-1.860298245;1;0
-1.621347317;-1;1
0.53507808;1;1
-1.55370439;1;0
1.633724564;-1;0
2.99237023;-1;0
-0.171095407;1;0
0.099170196;1;1
1.450051628;-1;0
0.673918965;1;1
-1.650162417;1;0
1.356928971;1;1
0.350345499;1;1
2.592415251;-1;0
2.022031269;-1;0
-3.450940168;-1;1
-1.816677337;-1;1
-0.901480615;1;0
-0.543650987;1;0
3.066582669;1;1
3.351448767;1;1
-0.116180147;-1;1
0.32746306;-1;0
-2.464625423;1;0
-2.71104072;-1;1
2.476524484;-1;0
-3.167202521;1;0
-0.707753427;-1;1
0.27330879;-1;0
-1.343458039;-1;1
-2.089680791;-1;1
-0.902550196;1;0
-2.1296633;1;0
1.650504746;-1;0
0.521015648;-1;0
-1.891350224;-1;1
-2.124466398;1;0
-0.891102669;1;0
0.517583563;1;1
0.824050474;-1;0
1.703419917;-1;0
-2.249848855;-1;1
-1.531174872;-1;1
-0.393684266;1;0
-0.19809155;1;0
-0.039103398;-1;1
-0.195294513;-1;1
-1.121966671;-1;1
-1.600981875;-1;1
-0.290681957;-1;1
-0.990668896;1;0
-1.065605481;1;0
0.82462425;-1;0
0.569863687;-1;0
-1.416864595;-1;1
-1.121077736;1;0
-0.156326126;1;0
1.250765808;-1;0
0.446193392;1;1
0.013271763;1;1
1.645181902;-1;0
0.195428477;-1;0
-1.563447288;-1;1
-1.60297035;-1;1
-0.678601826;1;0
-2.063130478;-1;1
0.103323748;-1;0
-0.780769341;-1;1
-0.54317941;-1;1
-0.442055245;-1;1
-1.469448312;1;0
-1.028886588;1;0
0.228595874;-1;0
0.033865861;-1;0
-0.878623406;-1;1
-0.833472469;1;0
-0.200518322;-1;1
1.603010087;1;1
-0.260657717;1;0
3.192661363;1;1
0.475783098;1;1
1.396605208;1;1
1.938164154;1;1
0.837737559;1;1
0.163351811;1;1
0.175535097;1;1
1.009030458;1;1
0.416097667;-1;0
-0.306618535;-1;1
-1.584647524;-1;1
-1.595469814;1;0
-0.074697568;-1;1
0.208265474;1;1
-0.017404869;-1;1
3.019776761;1;1
0.01356069;1;1
2.357687626;-1;0
1.21683642;1;1
-0.932808906;-1;1
-0.086784139;1;0
-0.993007488;-1;1
0.460997714;-1;0
-1.142418532;-1;1
-1.914121013;-1;1
-1.147782901;-1;1
-0.686565806;1;0
-0.959429702;-1;1
1.652656207;-1;0
-1.456225672;1;0
-0.400950015;-1;1
-0.302116869;1;0
-1.757343509;1;0
0.255639674;-1;0
-0.077586106;-1;1
-0.776382003;-1;1
-0.436084738;-1;1
-0.479665122;-1;1
-1.514961981;1;0
-0.821876574;1;0
1.633111942;-1;0
0.405956996;-1;0
-0.872017852;1;0
-0.433431988;1;0
2.288002084;1;1
1.16076248;-1;0
0.75807333;-1;0
-1.762558508;1;0
-0.539433167;1;0
2.062414355;1;1
0.235187812;1;1
-8.73E-04;1;0
0.71874353;-1;0
1.513797708;1;1
-1.148788214;1;0
-0.060532291;-1;1
0.945802778;1;1
-1.427303729;-1;1
-0.454574355;1;0
-1.974016001;-1;1
0.651823748;1;1
-1.994812981;-1;1
0.759588742;1;1
-1.015445774;1;0
-0.354356469;-1;1
-0.250411522;1;0
-0.251744801;1;0
1.335251675;-1;0
-0.670173586;-1;1
-7.6076234;1;0
-2.841947853;-1;1
0.397621666;1;1
-1.873236955;-1;1
-0.045550965;-1;1
-0.450391576;1;0
-0.486735122;1;0
1.479960222;1;1
0.605356143;-1;0
0.641296433;1;1
-1.21279931;-1;1
-0.438389373;-1;1
-1.85171683;-1;1
-4.447964194;-1;1
-4.705712689;1;0
-1.223010464;-1;1
1.444950957;1;1
-0.702302639;-1;1
0.242054302;1;1
-0.432398766;1;0
0.209794502;-1;0
-0.031378203;-1;1
-1.275093645;-1;1
-2.025203764;1;0
-0.978291346;-1;1
-0.134320324;1;0
-0.673575635;-1;1
2.230601541;1;1
-0.789019254;-1;1
1.100086755;-1;0
-0.443874202;1;0
-0.660002879;-1;1
1.092302373;-1;0
-0.501613732;-1;1
-1.363809865;1;0
-0.831533052;1;0
0.252835504;1;1
0.996974115;1;1
0.764830975;1;1
0.563083616;-1;0
-0.38457922;-1;1
-4.268038503;1;0
-2.814521222;-1;1
0.75710678;1;1
-0.075567403;-1;1
0.836268719;1;1
-1.30048547;-1;1
0.225537818;-1;0
-1.404318576;1;0
-0.113452592;-1;1
0.276247388;-1;0
-2.137911209;-1;1
-0.320117487;-1;1
-1.011033336;1;0
-1.716730764;1;0
0.915124385;-1;0
0.962527495;1;1
-1.247008822;-1;1
1.259910702;-1;0
-0.871230714;1;0
0.302102465;-1;0
0.368675811;-1;0
-1.910096538;-1;1
-6.507616488;-1;1
-2.662499353;-1;1
-2.20950594;1;0
0.548256384;-1;0
0.818160256;1;1
0.814601228;-1;0
1.037104669;-1;0
-1.759764281;1;0
-1.103843596;-1;1
2.190531853;1;1
-0.434445193;1;0
2.326888774;1;1
3.23837578;-1;0
0.735637717;-1;0
-0.990812266;1;0
-2.133068236;1;0
1.528874256;-1;0
1.902986773;-1;0
-1.48299492;-1;1
-0.509296676;1;0
-0.079740377;-1;1
1.781497166;-1;0
0.669124559;-1;0
-0.220943034;-1;1
-0.982711723;1;0
-1.153381872;1;0
2.435876208;1;1
2.544154789;1;1
3.001969758;1;1
1.579583826;1;1
2.094994038;-1;0
3.404446547;1;1
0.096513635;-1;0
0.706423358;-1;0
-0.137672121;-1;1
0.145694177;-1;0
-0.759416014;-1;1
-0.494207507;-1;1
-2.784917982;1;0
0.0023101;1;1
1.842584682;-1;0
-0.079512474;-1;1
-8.376873284;1;0
-3.726354106;-1;1
2.353293398;-1;0
-1.255648505;1;0
-0.978827682;-1;1
4.888593805;1;1
1.123788562;-1;0
2.993027614;-1;0
-0.367210651;1;0
-0.980955716;1;0
1.976012493;-1;0
1.70142587;-1;0
0.820059502;-1;0
-0.281340127;-1;1
0.182810568;-1;0
0.192951239;1;1
1.265397527;1;1
3.367029609;-1;0
2.529936373;1;1
0.519910535;-1;0
2.649522923;1;1
1.191196702;-1;0
2.785781811;-1;0
-0.256580863;-1;1
-0.434653832;1;0
1.507266953;1;1
4.405885496;1;1
1.855912355;1;1
1.793256773;1;1
2.402053339;1;1
2.536282227;1;1
3.236728612;-1;0
2.637279449;-1;0
0.488967402;1;1
0.200032852;1;1
1.869497727;1;1
2.360933492;1;1
2.561735725;-1;0
1.669836559;-1;0
-0.344830503;-1;1
-0.115146414;-1;1
0.771349536;1;1
0.621269488;-1;0
2.062215521;-1;0
1.429522393;1;1
1.608902218;-1;0
2.315669228;1;1
1.420505444;1;1
2.779956993;1;1
3.80867221;1;1
2.150695951;-1;0
1.597926753;1;1
0.877000598;-1;0
2.405012361;1;1
0.864109461;1;1
1.904393665;1;1
2.411704335;-1;0
1.625736541;-1;0
0.025848928;1;1
0.155410167;-1;0
2.000530485;1;1
0.482881565;-1;0
1.237191243;1;1
0.504081801;-1;0
1.198598204;-1;0
0.159742316;1;1
1.283411762;-1;0
1.319102162;-1;0
-2.705712199;1;0
0.855455243;1;1
2.59424393;-1;0
1.426161793;1;1
-0.553230989;1;0
2.766123218;1;1
2.813384091;-1;0
2.276019222;-1;0
1.191346071;1;1
0.641175483;-1;0
1.193321931;1;1
-0.911270173;-1;1
1.969901426;-1;0
-0.663800589;-1;1
0.952483049;1;1
1.24716993;1;1
1.869262939;1;1
2.126536694;-1;0
2.799253855;-1;0
-0.55833166;-1;1
0.550404033;1;1
0.747763052;-1;0
2.316604733;1;1
1.878171043;-1;0
3.114716968;-1;0
0.170639896;1;1
1.330913907;-1;0
2.279716323;1;1
1.513615486;-1;0
1.371245531;1;1
0.183531033;1;1
2.0396132;-1;0
1.827211583;-1;0
1.287738829;-1;0
0.302397118;1;1
1.014916458;-1;0
1.959273399;1;1
1.552694203;1;1
3.387643454;-1;0
2.162880239;-1;0
0.806249471;1;1
0.746192498;1;1
3.345580969;1;1
2.798644038;1;1
4.452673306;-1;0
1.826027674;-1;0
0.52204838;1;1
0.866527423;-1;0
3.665134958;1;1
1.314909571;-1;0
1.014414168;-1;0
-0.859104378;1;0
1.506000621;-1;0
2.034916833;-1;0
0.863874673;-1;0
1.2251349;-1;0
0.226181586;1;1
-1.107221625;-1;1
1.885532021;-1;0
0.44773971;-1;0
1.142225717;-1;0
1.31802277;-1;0
1.33184393;1;1
0.743134442;1;1
1.907396532;1;1
2.877388055;-1;0
1.99263069;-1;0
0.211624667;-1;0
1.445918418;-1;0
1.078849669;-1;0
-0.068129948;-1;1
-0.212752075;-1;1
1.265035797;-1;0
1.594036223;1;1
1.952795873;-1;0
3.308928348;-1;0
0.86154108;1;1
1.286819935;-1;0
1.25892473;-1;0
-1.220835665;-1;1
-0.986522966;1;0
0.993216252;-1;0
2.600221922;-1;0
1.157455446;1;1
0.380532318;1;1
2.71323528;-1;0
5.348827738;-1;0
-0.373501047;1;0
1.706654486;-1;0
2.320177378;-1;0
0.806087487;1;1
1.337893723;-1;0
2.803720481;-1;0
0.830038188;-1;0
1.20103583;1;1
1.44452995;-1;0
1.662252925;-1;0
0.394353478;-1;0
1.136740889;-1;0
1.493251045;1;1
1.526133595;-1;0
4.218505164;1;1
1.501572759;1;1
2.092573265;1;1
2.19564233;-1;0
3.16381341;1;1
1.106221159;-1;0
1.856971809;1;1
1.73382623;1;1
1.971470302;1;1
2.581795896;1;1
3.091903604;1;1
1.818613557;-1;0
1.712377591;-1;0
1.254784794;-1;0
1.057304315;-1;0
0.271780674;-1;0
1.538334226;1;1
0.949624739;-1;0
1.78382795;1;1
1.274179689;-1;0
1.844383216;-1;0
1.545778571;-1;0
1.309301797;-1;0
0.318347312;-1;0
1.562936588;-1;0
1.491321757;-1;0
1.763921955;-1;0
1.636026306;-1;0
1.800526519;-1;0
1.769434016;1;1
1.732424145;1;1
2.720418606;1;1
4.177633721;-1;0
2.043131705;1;1
1.142825724;-1;0
2.021472022;1;1
1.764918733;-1;0
1.979779401;-1;0
1.447043141;-1;0
1.096853609;-1;0
0.825657983;1;1
1.58059041;-1;0
3.943264831;-1;0
0.924145009;1;1
1.004275817;1;1
2.354989217;-1;0
3.289371468;1;1
1.142117873;1;1
2.476326967;-1;0
3.283510291;-1;0
1.244184676;1;1
1.374371344;1;1
2.355224004;1;1
4.509161439;-1;0
5.342976689;-1;0
1.015248962;1;1
0.227028995;1;1
1.708804946;-1;0
1.638049822;1;1
0.239920132;1;1
2.924551212;-1;0
3.957654768;-1;0
0.752899766;1;1
1.042335605;-1;0
3.340466681;1;1
0.478204298;-1;0
2.226926777;1;1
0.298824473;1;1
1.785641909;1;1
3.214011963;1;1
3.915083777;-1;0
1.676446111;-1;0
-0.588157155;-1;1
0.471744116;1;1
0.507418657;-1;0
2.029120926;1;1
1.04576769;-1;0
1.608067424;1;1
1.322813364;-1;0
1.388524007;1;1
1.358084649;1;1
3.800138452;-1;0
3.531721766;1;1
-0.221383382;1;0
2.268988261;1;1
2.455398046;-1;0
3.556769958;1;1
-0.580770947;1;0
1.539602319;-1;0
1.705032555;1;1
0.407623774;-1;0
1.519735362;-1;0
0.096835843;-1;0
0.509556502;-1;0
-0.382899827;1;0
0.810300309;1;1
2.874922519;1;1
2.934937967;-1;0
1.441438177;1;1
-0.084181856;1;0
1.643547266;-1;0
1.376032128;-1;0
0.168450674;1;1
0.624416726;-1;0
1.845819341;-1;0
0.652856479;-1;0
-0.375399291;-1;1
0.400110623;-1;0
-0.400292631;-1;1
0.279080462;1;1
2.034133501;-1;0
5.261088196;-1;0
0.185472127;1;1
-1.009076582;1;0
2.235896153;-1;0
1.62034594;-1;0
-0.406613254;-1;1
1.146418792;-1;0
0.877682217;-1;0
-0.487172548;1;0
-2.841137294;-1;1
3.966960645;-1;0
0.380453031;-1;0
0.628338486;1;1
1.113410617;1;1
1.960493836;1;1
2.349746984;1;1
1.921314407;-1;0
0.959425104;-1;0
-1.063243467;1;0
1.414306281;-1;0
2.533918405;-1;0
1.002187306;-1;0
0.544069793;-1;0
1.328609271;1;1
1.505597365;-1;0
2.085331429;-1;0
0.448095958;-1;0
0.858786617;-1;0
1.251139347;1;1
1.485061404;1;1
4.563465079;1;1
2.168088755;-1;0
1.952158506;1;1
1.437021928;-1;0
3.153944053;1;1
1.194041396;-1;0
2.113310733;-1;0
0.466642443;1;1
0.545897368;-1;0
2.8948159;-1;0
0.393552724;-1;0
-0.330147642;-1;1
-0.489910399;-1;1
-1.821384322;-1;1
0.577213045;1;1
0.284719467;1;1
2.683734755;-1;0
2.284604634;1;1
-0.63551874;-1;1
1.726070806;-1;0
0.989432732;-1;0
1.170145836;1;1
0.679768522;-1;0
1.92751357;-1;0
1.05717637;1;1
1.07587603;-1;0
2.973815854;1;1
0.300867088;-1;0
1.788255812;-1;0
1.037143432;1;1
1.391566204;1;1
8.940718467;1;1
1.667497967;-1;0
1.51183157;-1;0
-0.188779948;1;0
-0.506515982;1;0
1.733152419;1;1
1.835097762;-1;0
1.425574401;-1;0
0.174246581;-1;0
0.203350609;1;1
0.510166636;1;1
2.025785556;-1;0
2.197525286;-1;0
0.194279519;1;1
1.203112485;1;1
1.688238756;1;1
3.013430901;-1;0
4.333942975;1;1
0.512903486;1;1
1.942386698;-1;0
1.784720696;1;1
0.811991321;1;1
2.747594162;1;1
1.596807112;-1;0
1.247077026;-1;0
0.244094108;1;1
0.234563571;-1;0
1.15224974;-1;0
-1.195335512;1;0
0.10639161;-1;0
2.965554411;-1;0
0.676455578;1;1
-0.216471327;1;0
1.57105107;1;1
1.970433759;1;1
2.596568989;-1;0
2.097481999;-1;0
-0.92209727;-1;1
-0.315868036;-1;1
0.111340108;-1;0
-0.151951726;1;0
0.438951064;-1;0
1.939429353;-1;0
-0.667000207;1;0
0.153880138;-1;0
2.922157161;-1;0
0.321394515;-1;0
-0.315632247;-1;1
-1.401414017;-1;1
-1.239886443;1;0
0.416059816;-1;0
2.043165744;-1;0
0.817080379;-1;0
0.766358194;1;1
0.00923073;1;1
1.73848888;1;1
2.624165138;-1;0
2.671330974;-1;0
-0.574571784;-1;1
0.857649279;1;1
-0.319769696;1;0
3.085033434;-1;0
8.911642347;1;1
-0.089100395;1;0
2.063295397;1;1
1.119005777;-1;0
1.01276981;-1;0
0.526476242;1;1
0.717985213;-1;0
2.019311757;1;1
0.313503337;1;1
1.877256962;-1;0
0.869286699;1;1
0.19749956;1;1
2.288768798;-1;0
2.326762832;1;1
0.490767744;-1;0
1.255440265;1;1
-0.082490843;1;0
1.695598733;1;1
1.196705442;1;1
1.476471186;1;1
2.942547833;-1;0
2.960204334;-1;0
0.198828842;-1;0
0.481724563;1;1
0.888455933;1;1
3.308061322;-1;0
1.238965354;-1;0
-0.155537987;-1;1
0.418529163;-1;0
-0.595513321;-1;1
-0.242616333;1;0
-0.01808557;-1;1
1.025060941;1;1
0.799600155;-1;0
1.022769922;1;1
0.072800208;1;1
1.817462686;1;1
2.487679271;-1;0
1.246006444;1;1
0.912279691;-1;0
1.993758223;-1;0
-0.229030962;-1;1
0.248233042;1;1
-0.296425485;-1;1
0.651085178;-1;0
-0.021368286;-1;1
0.493267319;-1;0
0.52552712;1;1
0.272793878;1;1
1.918000461;-1;0
0.593683634;-1;0
-0.405770652;1;0
0.215696929;-1;0
1.487917395;1;1
0.754361121;1;1
3.645075872;1;1
1.04866004;1;1
1.044630435;-1;0
2.160422512;1;1
-0.385493307;1;0
1.602402272;1;1
0.928378254;1;1
2.204116223;-1;0
1.397252788;-1;0
-0.181021714;-1;1
-0.461484179;1;0
-1.363941621;1;0
1.671325823;-1;0
0.987507254;1;1
0.57736903;-1;0
2.4865344;-1;0
-1.786301978;1;0
-0.257846062;-1;1
0.711324283;-1;0
-1.063960121;1;0
-2.27462306;1;0
1.752567738;1;1
2.131917489;-1;0
1.220151367;1;1
-1.921974476;1;0
1.102233403;1;1
1.170694512;-1;0
0.685622381;1;1
0.106413034;1;1
0.969709144;-1;0
0.540917832;-1;0
-0.736204877;1;0
-3.287552386;1;0
1.098439587;-1;0
1.488860033;-1;0
0.411924693;1;1
0.607517409;-1;0
0.436446683;1;1
-0.508173956;-1;1
2.923126707;1;1
0.601602092;-1;0
0.749223089;-1;0
-0.188745909;1;0
-0.502202448;-1;1
2.074873195;-1;0
-0.745195595;1;0
-0.367986175;1;0
1.284599483;-1;0
0.806973748;1;1
0.475538015;-1;0
2.22402322;1;1
0.1564536;-1;0
4.052181271;-1;0
0.302465197;1;1
0.633691373;-1;0
1.07258451;1;1
-0.776162157;-1;1
1.952759837;1;1
-0.599435081;1;0
0.910737047;-1;0
1.123306695;1;1
0.220138408;1;1
1.893741168;1;1
1.118231254;-1;0
1.59096736;-1;0
-0.436229109;1;0
0.439196147;1;1
1.080918839;-1;0
1.701942267;-1;0
0.224916387;-1;0
-0.200416609;-1;1
-0.88980343;-1;1
-1.312899547;-1;1
-1.067168549;-1;1
-0.270695674;-1;1
-1.548125657;1;0
0.530500848;-1;0
0.469178545;1;1
-0.332033271;1;0
1.339776763;1;1
2.52907443;1;1
1.436094231;-1;0
0.653114177;-1;0
0.082213929;-1;0
0.258010981;1;1
0.601891019;-1;0
1.339750532;-1;0
0.362010069;1;1
0.420940641;-1;0
1.300808377;-1;0
0.335721776;-1;0
0.098077704;-1;0
-0.421362112;-1;1
-0.526528497;-1;1
0.422511194;1;1
0.573190247;-1;0
0.98251991;1;1
-0.381462217;1;0
1.992936044;1;1
0.986352572;1;1
3.29060733;1;1
3.600256437;-1;0
0.516714729;-1;0
-0.443384527;1;0
0.397389198;1;1
1.372892782;1;1
0.97438541;-1;0
1.087860894;1;1
-0.457792077;1;0
0.839407147;-1;0
2.03426045;1;1
-0.835448329;-1;1
0.844880362;-1;0
-1.64910445;1;0
-0.266228965;1;0
2.319876242;1;1
0.658970355;-1;0
1.593352607;-1;0
-1.003546417;-1;1
-1.994859636;-1;1
-0.768929123;1;0
-0.058409387;1;0
1.046989451;1;1
0.442526519;-1;0
1.24579208;1;1
-0.108950925;1;0
0.639299148;1;1
2.634457989;1;1
0.930039038;-1;0
0.168021946;1;1
-0.669432704;1;0
1.831166197;-1;0
0.026831904;1;1
-1.103423914;1;0
2.802663921;1;1
3.45097242;1;1
2.013929048;1;1
0.142912565;1;1
1.984533041;-1;0
0.985036913;-1;0
-3.898892097;1;0
-3.316879313;1;0
0.921951111;-1;0
1.188494383;-1;0
-1.187670181;1;0
-1.024099991;-1;1
0.361802837;1;1
-0.501101146;1;0
0.007684411;1;1
0.073787181;1;1
-0.118222762;-1;1
0.23635511;1;1
-0.859848182;-1;1
-0.544154763;1;0
-2.542480506;1;0
0.387644297;1;1
2.376719789;-1;0
1.707807256;1;1
-1.783994533;-1;1
-0.152859;-1;1
-3.240956514;1;0
-3.277118976;1;0
0.407315505;-1;0
1.067740535;-1;0
-1.50702823;1;0
-3.595170169;-1;1
-0.49806832;-1;1
-2.257874108;-1;1
-0.913886073;1;0
-0.26671864;1;0
1.532749768;1;1
1.8775487;-1;0
1.209235172;-1;0
-0.463383425;1;0
-0.566966641;1;0
1.982280868;-1;0
4.336966079;1;1
-1.253495152;1;0
0.18542088;-1;0
0.717950261;-1;0
-1.749719834;1;0
-3.928081226;1;0
0.642071039;-1;0
0.332267271;1;1
-1.377624894;-1;1
1.27345731;1;1
-1.122946754;1;0
2.221747625;1;1
0.404312638;-1;0
0.513562768;1;1
-1.312333174;1;0
2.137721288;1;1
1.89806251;1;1
0.136698783;-1;0
3.227854037;-1;0
-2.657696138;1;0
-7.311845705;-1;1
2.668081111;1;1
-0.527492153;1;0
4.132866513;1;1
0.237210327;1;1
0.152187212;-1;0
1.058227426;-1;0
-1.700255363;1;0
-3.070601124;-1;1
-0.647854628;1;0
-3.311163694;-1;1
0.756288413;1;1
-1.453454783;1;0
-0.539828614;1;0
-0.078622649;-1;1
-0.940988736;1;0
-1.986594299;1;0
-0.538245446;1;0
1.071939741;1;1
0.494511991;1;1
-0.416797364;-1;1
-0.213464158;-1;1
-5.093654978;1;0
-6.606161893;-1;1
-0.130679599;-1;1
-2.631539518;-1;1
-3.317160432;-1;1
-2.639732238;1;0
-3.415991091;-1;1
0.009707928;1;1
-1.278738609;-1;1
1.263786214;-1;0
-1.972947738;-1;1
-2.867863118;-1;1
-1.496961363;-1;1
-2.496178374;-1;1
-1.852438297;1;0
-3.411403006;-1;1
0.165114308;-1;0
-4.382073469;-1;1
-2.227954385;1;0
-1.323330064;1;0
2.575311375;-1;0
2.557293335;-1;0
-2.082152346;-1;1
-2.284176017;-1;1
-1.312768792;1;0
-1.760691494;1;0
0.155850273;-1;0
1.347482534;1;1
-0.894215867;-1;1
0.109268024;1;1
-1.329025259;-1;1
1.023756895;1;1
-1.654804643;-1;1
0.422055559;-1;0
-1.407879924;-1;1
-3.311682411;1;0
-1.440276479;1;0
1.982715085;-1;0
0.14060893;1;1
-0.625230888;1;0
2.171999792;-1;0
2.987714387;1;1
-0.701250671;-1;1
1.084745377;1;1
-3.239262698;-1;1
3.714624666;-1;0
-2.299531688;-1;1
-2.941114821;1;0
-0.650016384;1;0
0.682193106;-1;0
1.380152723;-1;0
-1.906579953;1;0
-0.349870096;1;0
3.263614998;-1;0
1.406851404;-1;0
-2.374440363;-1;1
-3.069899404;1;0
-1.688607088;-1;1
-0.042591943;-1;1
-1.823597967;-1;1
-1.036557913;1;0
-2.975482507;1;0
-0.297951703;-1;1
-0.451327082;-1;1
-1.602126746;1;0
-2.696356857;1;0
1.641360853;1;1
0.631820036;-1;0
0.302582336;1;1
-0.226737133;1;0
0.903833844;-1;0
-0.514927789;-1;1
-1.605934179;1;0
-2.485303621;-1;1
1.140298004;-1;0
-0.957291858;-1;1
-0.728272044;1;0
-1.202646024;-1;1
2.007582193;-1;0
-1.515573117;-1;1
-1.784769139;-1;1
-1.729018084;-1;1
-2.190443542;-1;1
-4.983714617;1;0
-1.095810051;-1;1
2.721370545;1;1
-3.023713927;1;0
1.703964782;1;1
0.289482643;1;1
0.372989345;-1;0
-0.46339604;1;0
-2.327952342;-1;1
1.170991248;-1;0
-1.305153928;-1;1
-2.842915721;1;0
-2.695810991;1;0
2.134575052;-1;0
-0.142130937;1;0
-2.986873574;-1;1
0.503998192;-1;0
-0.336775533;-1;1
-1.972396874;1;0
-3.15074855;1;0
4.939891173;1;1
2.704220222;1;1
11.78522953;1;1
6.581662349;1;1
-0.26897562;1;0
1.109229729;-1;0
3.406622242;1;1
-4.337624251;1;0
0.345043078;1;1
1.776568906;-1;0
1.619125076;1;1
-1.061964756;1;0
-0.269924742;1;0
0.336371248;1;1
2.737191877;-1;0
1.359319031;1;1
-3.689195293;-1;1
-0.128167409;1;0
-0.823154388;-1;1
0.508665654;1;1
-3.158695912;1;0
0.329699021;1;1
2.938840201;1;1
-0.683788786;1;0
0.207500245;1;1
0.827575869;1;1
3.563804135;-1;0
-0.03450974;1;0
-1.73501061;-1;1
2.681063155;-1;0
-4.702268984;-1;1
-8.727917137;-1;1
-7.610181839;1;0
-3.19475053;-1;1
1.691056307;1;1
-3.892180701;-1;1
-1.929777467;1;0
-4.187646918;-1;1
1.677930382;1;1
-4.679814278;1;0
0.95913226;1;1
0.597884648;1;1
3.417616937;-1;0
3.598303494;-1;0
-6.35924198;-1;1
-7.907740646;-1;1
-4.133517877;-1;1
-3.386153058;1;0
-7.521583275;1;0
1.525253043;-1;0
-0.872372775;1;0
-2.622025277;-1;1
0.543692533;1;1
-0.478690639;1;0
8.254437932;-1;0
0.710216262;1;1
-3.562829674;-1;1
0.212797859;-1;0
-3.775146189;1;0
-3.367875001;-1;1
-0.948268418;1;0
-8.122590377;1;0
2.37737526;-1;0
-2.031799501;1;0
-13.80231926;-1;1
-0.614857749;1;0
-0.602008138;-1;1
1.329774655;-1;0
-1.342244087;1;0
-0.913091044;-1;1
0.759387994;1;1
-1.422517132;-1;1
-0.141987568;1;0
-2.067698141;-1;1
-0.83891645;1;0
-0.946015119;-1;1
-0.977773948;-1;1
-2.651210726;-1;1
-2.335848326;1;0
-0.650741848;-1;1
0.302841035;1;1
-1.42778079;1;0
0.815859515;1;1
0.321479021;-1;0
-0.660944193;1;0
-0.975108583;1;0
2.025729502;-1;0
0.118010421;-1;0
-2.701226062;-1;1
-2.164222923;-1;1
-2.610978327;-1;1
-1.792584751;-1;1
-1.979465112;1;0
-2.606101314;-1;1
-0.628098002;-1;1
-1.915864405;1;0
-2.511408103;-1;1
-0.525095693;-1;1
-3.009799857;1;0
-5.196067092;1;0
0.097271952;1;1
0.440082409;-1;0
-0.197598063;1;0
-0.888555438;-1;1
-0.88060807;1;0
-2.590096979;-1;1
0.039271403;1;1
-2.095953758;-1;1
0.014028947;-1;0
-2.944119174;1;0
-3.06688792;1;0
0.643289989;-1;0
-0.76446622;1;0
-1.978489759;1;0
-0.264111221;1;0
0.122878625;-1;0
2.071804332;-1;0
-2.92613998;-1;1
-2.652066945;1;0
-1.244364876;1;0
0.180368266;-1;0
0.12893823;-1;0
-1.462477299;-1;1
-4.309040914;-1;1
-2.403096086;1;0
-4.723496758;-1;1
5.283479964;1;1
-2.451473267;-1;1
-0.380584573;-1;1
-1.335957503;-1;1
-2.471169705;1;0
-2.744255773;1;0
4.417567023;1;1
14.2595292;1;1
-0.296733754;1;0
0.859208108;1;1
2.374450195;-1;0
-0.895251409;1;0
-0.903198777;1;0
1.105256508;1;1
-0.504818348;1;0
0.108518731;1;1
2.802236194;-1;0
-0.396041281;-1;1
-2.673636397;-1;1
-2.167529383;1;0
-4.086922011;-1;1
1.131471997;-1;0
-1.80928332;-1;1
-2.206845567;1;0
-0.973719113;1;0
-0.063259846;1;0
1.114213269;1;1
-0.645316206;-1;1
-0.859246851;-1;1
-2.011379794;1;0
-1.339233604;1;0
2.835898079;-1;0
-1.335537821;1;0
-2.00732496;-1;1
-0.36570115;-1;1
-2.445148832;1;0
-2.554442538;1;0
2.192158002;1;1
1.385808154;-1;0
-0.833605136;-1;1
-1.763735611;1;0
-1.184975775;1;0
4.705910736;1;1
-0.628637737;1;0
-0.359441715;-1;1
-0.833745696;-1;1
-3.050684834;1;0
-1.978238545;-1;1
-0.146872067;1;0
-1.287268556;-1;1
0.711658871;1;1
-4.297149257;-1;1
-1.310312979;-1;1
-2.203838889;1;0
-2.115913134;-1;1
0.718175244;1;1
-2.455392218;1;0
0.553282339;1;1
-0.137452863;-1;1
-1.749371906;1;0
-4.118826398;1;0
0.561604053;1;1
0.787746458;-1;0
-1.909055293;-1;1
-3.002453414;-1;1
-4.697674331;1;0
-3.387082681;1;0
3.019813611;-1;0
-1.756237394;1;0
-5.223979319;-1;1
0.490350636;-1;0
-4.406970483;1;0
-2.695981019;-1;1
-1.13763061;1;0
-3.800909281;1;0
-0.199498311;-1;1
1.057637715;1;1
-3.434426922;1;0
0.052177965;1;1
0.694775974;1;1
1.964524337;1;1
-1.481444894;1;0
-1.301135046;-1;1
-2.27923724;1;0
-3.302089794;1;0
0.264800886;1;1
151408.3272;1;1
-8317.9783;1;0
-61.66303718;-1;1
-11.00725094;1;0
-6.197372188;1;0
-5.337127494;-1;1
-8.557376767;1;0
-6.008844142;1;0
-6.558463853;1;0
-5.768749753;1;0
-4.555052735;-1;1
-7.006275873;-1;1
-5.704629652;-1;1
-7.426407282;-1;1
-6.722383181;1;0
-3.345521818;-1;1
-9.032975466;-1;1
-6.631191901;-1;1
-8.892416399;1;0
-5.410257287;-1;1
-10.55159395;1;0
-4.982014769;1;0
-5.114077293;-1;1
-9.208781519;-1;1
-8.308507378;-1;1
-6.095013284;1;0
-6.27639546;-1;1
-7.540053499;-1;1
-7.33613151;-1;1
-7.739343539;-1;1
-8.092892994;1;0
-6.056866356;1;0
-4.750961889;1;0
-7.235887476;1;0
-5.352239116;-1;1
-8.176348627;1;0
-3.57901829;1;0
-5.755923083;1;0
-5.319276185;1;0
-3.720196067;-1;1
-7.134889084;1;0
-3.629360013;-1;1
-5.347936424;1;0
-3.805086597;1;0
-4.626987955;-1;1
-10.54066525;-1;1
-6.319734752;-1;1
-6.179456649;-1;1
-1.903449583;1;0
-4.797450558;1;0
-7.828947119;1;0
-8.469923807;-1;1
-7.192524344;-1;1
-7.750563624;-1;1
-7.129311235;-1;1
-9.787943284;-1;1
-1.606294076;1;0
-6.42328994;-1;1
-2166.267276;1;0
-44177.90411;-1;1
-19794.13048;1;0
-9.351211586;-1;1
-15.82724328;1;0
56.65630124;-1;0
1092.878328;-1;0
33893.83933;-1;0
10272.49803;1;1
1636.218333;1;1
3938.892742;1;1
8724.023676;-1;0
1581.683126;1;1
24889.79874;1;1
-312.162664;-1;1
-10036.47094;1;0
21.44710557;1;1
-6.901501201;-1;1
4.449828294;1;1
23.35036598;-1;0
37.30538803;-1;0
93.72155411;-1;0
3734.870503;1;1
-188.5482734;-1;1
-21092.36325;-1;1
1121.860424;-1;0
-2.849057733;-1;1
-4.412677716;-1;1
-4.545994661;1;0
-6.573222344;-1;1
2.942292721;1;1
-2.217053047;-1;1
2.370318793;1;1
-6.29083759;-1;1
-2.051958214;-1;1
-3.577730657;-1;1
-6.525500879;-1;1
-5.764023169;1;0
-3.498474461;1;0
3.0505823;-1;0
2.154279311;-1;0
-6.531157229;1;0
-2.129477081;1;0
-0.857561805;1;0
2.061151527;-1;0
-0.620080993;1;0
-2.680369701;1;0
-1.471468222;-1;1
-0.389950002;1;0
-4.621547381;1;0
104.6017998;1;1
5.51387062;-1;0
15.06523618;-1;0
-7.169206623;1;0
-3.32000953;1;0
-8.212513573;1;0
-6.239070779;1;0
-5.658725275;1;0
-3.54473937;-1;1
-6.618407472;-1;1
-6.601947018;1;0
-1.240713002;1;0
-6.395156447;1;0
-0.982504517;1;0
-5.357746844;1;0
-3.010656432;-1;1
-3.159557665;-1;1
-5.323240061;-1;1
-3.148072414;1;0
-0.774414073;1;0
-4.194008493;-1;1
-4.842947244;1;0
-1.846909564;1;0
-0.080260759;-1;1
235.2777797;-1;0
-1048.510716;-1;1
-3.44782697;1;0
-1.530340078;-1;1
0.006022309;-1;0
-3.713337021;-1;1
-1.349577916;1;0
0.079236292;1;1
3.708934277;-1;0
1.330700867;1;1
-0.675407207;1;0
1.216876268;1;1
1.310275237;1;1
0.970437418;1;1
0.253529738;-1;0
0.346512837;1;1
-1.168148343;1;0
0.617540431;-1;0
-0.420646453;1;0
-1.874125107;1;0
4.832169226;-1;0
-0.537790187;1;0
-1.715292153;-1;1
0.259723419;1;1
-1.148172569;1;0
2.041813625;1;1
1.999092888;-1;0
1.210193008;1;1
-0.529401718;1;0
1.197870039;-1;0
-0.056221363;-1;1
-1.045868896;-1;1
-0.608685494;1;0
-0.92121201;1;0
0.836801052;1;1
1.959884108;1;1
3.04474847;-1;0
5.135602029;-1;0
-1.956722232;1;0
-1.238495081;1;0
2.439603138;-1;0
2.209710184;-1;0
-2.469413315;-1;1
-3.919122787;1;0
-2.727813093;-1;1
2.964508063;-1;0
-1.468623323;1;0
-1.777329792;1;0
1.023568763;1;1
-0.298498571;-1;1
0.623229818;-1;0
-2.124348258;-1;1
-4.125315621;1;0
-3.538385271;1;0
-0.033565903;-1;1
0.15267651;-1;0
-2.664641217;1;0
-4.35233555;1;0
5.240907375;1;1
3.994011538;-1;0
-1.47072102;1;0
-3.609543679;-1;1
-0.472681494;-1;1
-3.031738876;1;0
-2.811820612;-1;1
-0.772662368;1;0
-4.147070533;1;0
0.242170736;-1;0
2.430201751;1;1
-1.407496865;-1;1
-0.61897183;-1;1
-1.164278962;-1;1
-2.416618663;-1;1
-5.031132662;1;0
-4.099085197;-1;1
0.621092975;-1;0
-1.249006101;1;0
-1.602365214;-1;1
3.61116291;-1;0
-0.861269366;1;0
-1.59759985;1;0
1.102563987;-1;0
4.874244529;-1;0
-2.00849836;1;0
-2.859598068;1;0
-0.422893436;1;0
1.05422805;1;1
2.369489081;-1;0
-0.256250272;1;0
-3.727644749;-1;1
0.418869057;1;1
-1.048806994;1;0
0.237792112;-1;0
1.199614315;-1;0
-3.016585034;1;0
-1.585849075;-1;1
-0.57907184;-1;1
-1.701489011;-1;1
-2.702916574;-1;1
-3.223786789;-1;1
-4.016490577;1;0
-5.601573182;1;0
3.882637056;-1;0
8.824718787;-1;0
-2.108648894;-1;1
-7.252575953;-1;1
-5.509504092;1;0
-8.124942591;-1;1
10.95604481;-1;0
-2.608568955;1;0
-2.935809794;1;0
3.544408858;1;1
3.286550795;1;1
-0.15290405;-1;1
-0.165141917;-1;1
-3.225858254;-1;1
-3.055006581;1;0
-2.548388218;-1;1
0.461523539;1;1
-2.93967389;1;0
3.100709083;1;1
2.757063832;-1;0
1.383011033;1;1
-2.280600265;1;0
0.794619228;1;1
1.461529794;-1;0
-0.463667067;1;0
-2.870255474;1;0
4.975169265;-1;0
1.856466604;1;1
-0.656582304;-1;1
2.237327758;-1;0
-3.503949185;-1;1
-1.84787636;1;0
-1.773872477;1;0
2.758131094;-1;0
-1.016158431;-1;1
-5.200875108;-1;1
-7.02176741;-1;1
-7.209649279;1;0
-2.134905533;1;0
0.612506562;-1;0
2.38480291;-1;0
-3.446874037;1;0
-2.693026485;1;0
2.028665077;-1;0
-1.163418217;1;0
-5.476823591;1;0
0.615379462;1;1
2.764608416;1;1
0.643901233;1;1
0.025362146;1;1
1.272061356;1;1
0.553916599;-1;0
-0.189359245;-1;1
-2.636886167;-1;1
-2.129239592;-1;1
-1.910667002;1;0
-5.883539822;1;0
-0.120119629;1;0
1.891169112;1;1
0.048424886;1;1
0.595568195;1;1
1.901104331;-1;0
1.276818835;-1;0
-11.30346756;-1;1
-1.624841373;-1;1
-1.131295171;-1;1
-2.331011776;1;0
-2.45123848;1;0
0.375209584;1;1
1.047190485;1;1
0.525219256;-1;0
1.315079651;-1;0
-2.392083653;1;0
-1.652641068;-1;1
0.557978042;-1;0
-2.558502562;1;0
0.104318524;1;1
3.370602362;1;1
1.552433794;-1;0
-0.670577467;-1;1
-1.493792975;1;0
-1.055568842;-1;1
0.163137447;-1;0
-0.816994747;1;0
-0.88270539;-1;1
-0.553299657;1;0
-0.598422878;1;0
2.647702053;-1;0
-0.839680464;-1;1
-2.796801222;1;0
-3.871972341;-1;1
-1.277640494;-1;1
-4.589255977;-1;1
-0.896401565;-1;1
-2.10555099;1;0
-2.705500749;1;0
1.570393685;1;1
1.688202803;-1;0
0.599306349;1;1
-1.060529956;-1;1
1.251784011;1;1
-1.012168569;1;0
0.440725462;-1;0
0.682773609;-1;0
-1.956900356;1;0
-1.081229279;1;0
2.462849013;-1;0
2.014939146;-1;0
-2.235948121;-1;1
-1.985743269;1;0
-2.086309895;1;0
0.097315499;1;1
0.178724409;-1;0
0.55005761;1;1
-1.972075003;-1;1
0.420635456;-1;0
-2.571258042;1;0
-0.65088103;-1;1
0.915321114;1;1
-3.125458235;1;0
2.509497641;-1;0
2.882150532;-1;0
-3.469648351;1;0
-0.251072313;1;0
4.837935304;-1;0
6.407458384;1;1
-4.749487205;-1;1
2.039802229;-1;0
-2.053155811;1;0
-3.846915936;-1;1
-0.884810072;1;0
-1.417017106;1;0
-0.698523734;-1;1
-0.181819658;1;0
-1.418381222;-1;1
-0.052580639;-1;1
-2.140417887;1;0
-0.870878705;-1;1
1.961972596;1;1
-2.287026908;1;0
-0.568397254;1;0
2.202699955;-1;0
3.001230266;-1;0
-2.904190141;1;0
-2.02723838;-1;1
-1.607225609;1;0
-3.535090639;-1;1
-1.920764543;-1;1
-3.950238915;-1;1
-2.928553754;-1;1
-2.522393076;-1;1
-2.372560931;-1;1
-4.724841673;-1;1
-2.180286946;-1;1
-3.793442688;1;0
-2.862271042;1;0
2.082757657;-1;0
2.081825271;1;1
-1.450194691;-1;1
-1.407086273;-1;1
-4.230447966;1;0
-2.869648036;-1;1
-1.998654447;-1;1
-6.788391218;1;0
-3.701251636;-1;1
-0.394108969;-1;1
-4.457420639;1;0
-3.854334659;1;0
2.385378087;1;1
3.485638892;1;1
-0.756523878;1;0
-0.506055925;1;0
-0.244016903;1;0
0.314266439;1;1
0.039860399;-1;0
0.702230452;-1;0
-3.646126318;1;0
-3.102399896;1;0
-0.749522232;1;0
0.604621171;1;1
1.558451957;1;1
0.578918864;1;1
-0.320080638;-1;1
-1.82413902;1;0
-4.375362073;1;0
0.730514728;1;1
1.197885965;1;1
2.151977173;-1;0
5.719923964;-1;0
-3.544688776;1;0
-6.098105228;1;0
-0.930353093;-1;1
-0.183130539;1;0
-1.240309754;1;0
2.551568419;-1;0
4.664523386;1;1
-3.101062902;-1;1
-3.162258042;1;0
-8.858456129;1;0
0.80570793;-1;0
-0.816007774;1;0
-2.519424463;-1;1
-1.304592362;-1;1
-3.743533968;-1;1
-2.922110589;-1;1
-4.263848629;-1;1
-2.832572788;1;0
-1.164110362;1;0
3.117549239;-1;0
-1.047107064;-1;1
-4.281035496;1;0
-1.916557912;-1;1
-1.048496533;1;0
-1.443434344;-1;1
-0.237629601;-1;1
-9.507413108;-1;1
-7.407125226;1;0
-12.50993338;1;0
5.914172605;1;1
1.999844573;-1;0
-0.576618632;1;0
-2.921011973;-1;1
5.948182288;-1;0
-4.992427591;1;0
-1.917655025;1;0
3.954293859;1;1
1.545858462;1;1
-0.708188639;-1;1
-2.226721328;-1;1
-7.041408603;1;0
-3.485758424;-1;1
2.459045488;1;1
-1.371847923;-1;1
3.066395043;1;1
-3.159969825;1;0
1.659219617;-1;0
-2.464355808;-1;1
-5.464082723;-1;1
-6.344170048;-1;1
-5.829758697;-1;1
-3.533156148;-1;1
-7.537244918;1;0
-2.392136629;1;0
1.006694676;1;1
2.725349684;1;1
3.847711773;-1;0
1.895425782;1;1
-4.715969404;1;0
2.395565569;-1;0
5.241462438;1;1
-2.077939808;-1;1
1.655150154;1;1
180.537724;-1;0
-1187.179588;-1;1
3.238847476;1;1
-11.76532074;1;0
33.06398128;1;1
-61.87349063;1;0
-1328.504266;-1;1
-9.604532943;-1;1
-8.506147762;-1;1
-9.087123829;1;0
-8.09805897;1;0
-8.202753596;1;0
-8.302265313;1;0
-7.739428548;1;0
-5.7649629;1;0
-8.021355989;1;0
-6.656782508;-1;1
-7.055643274;1;0
-5.305483506;-1;1
-7.729916754;1;0
-5.374921611;-1;1
-6.905621194;1;0
-5.285655819;1;0
-2.865250458;-1;1
-7.85529684;1;0
-3.547146349;1;0
-3.273519857;-1;1
-7.980669677;1;0
-0.314281805;-1;1
-7.158725151;-1;1
-5.817123896;1;0
-3.36004972;1;0
-3.707556925;1;0
-5.03927849;1;0
-3.939011167;-1;1
-7.083028929;1;0
-1.534121705;-1;1
-8.456542181;1;0
-2.245314133;-1;1
-6.143785259;1;0
-3.89252491;1;0
-2.178679296;1;0
-2.844590463;1;0
-0.934233871;1;0
-1.888288531;1;0
0.003667346;1;1
-0.385509245;-1;1
-1.488398095;-1;1
0.38906127;-1;0
-1.527394031;-1;1
-0.699181799;1;0
3.291650119;-1;0
-2.696317151;1;0
1.316066701;-1;0
-1.626867461;1;0
1.875686903;-1;0
-2.834469197;1;0
1.201980523;-1;0
-3.569128649;1;0
2.770388415;1;1
1.941216921;1;1
-0.572687495;1;0
1.985384472;-1;0
-9.088589174;1;0
6.087172035;1;1
-0.056031372;-1;1
-6.171571771;1;0
0.900270214;1;1
0.490876085;-1;0
-4.818600745;-1;1
-2.211595555;-1;1
-2.173973052;-1;1
-5.512137419;-1;1
-3.900656965;1;0
-2.820077187;-1;1
-7.40298588;1;0
-0.266179973;1;0
-0.863030454;-1;1
-9.081932706;-1;1
-1.259847213;-1;1
-4.42913508;1;0
-0.840480115;-1;1
-5.942817007;1;0
1.139662841;-1;0
-5.175671318;-1;1
-3.880339353;-1;1
-1.949355384;-1;1
-5.323940892;-1;1
-3.275753377;-1;1
-4.091731832;-1;1
-4.725163857;1;0
-1.738145157;1;0
-0.996283384;1;0
-4.609796423;1;0
-0.242838428;-1;1
-2.932283194;1;0
-0.350332593;-1;1
-4.491938272;1;0
2.018991248;-1;0
-3.416831952;-1;1
-2.859349875;-1;1
-1.296271579;-1;1
-7.370273643;-1;1
-1.666308624;-1;1
-4.894186296;1;0
-1.873136471;1;0
-4.51839105;1;0
-3.679931071;1;0
-0.583967679;1;0
-3.89655241;-1;1
-3.074637345;-1;1
-1.980912302;1;0
1.754476908;-1;0
-4.083433522;1;0
1.304562762;1;1
-1.381586998;-1;1
-0.825138123;-1;1
-1.791947586;-1;1
-1.912709552;-1;1
-0.792605183;-1;1
-2.589344081;-1;1
-5.9034397;-1;1
-3.124835789;1;0
-1.465395296;1;0
-3.85129794;1;0
8.888438359;1;1
-4.169428865;1;0
6.424071965;1;1
2.077837553;-1;0
0.26715264;-1;0
6.203233677;1;1
6.233579641;1;1
4.667343793;-1;0
3.899434181;1;1
5.322031817;-1;0
3.463286469;1;1
10.32253734;1;1
4.040451858;1;1
7.450020274;1;1
8.814703691;1;1
18.30805028;-1;0
0.741588671;-1;0
12.58138439;1;1
11.90346715;-1;0
8.960524511;-1;0
9.552924975;-1;0
9.342549431;-1;0
6.204690542;-1;0
8.722042203;1;1
16.89551887;-1;0
-134.0833108;-1;1
626.2464348;-1;0
-2.304400893;1;0
-5.8210987;-1;1
0.768388304;1;1
-1.511056229;1;0
3.600652398;-1;0
3.227735904;1;1
-6.192809675;-1;1
-1.327815112;-1;1
-3.755156799;1;0
-2.180898786;1;0
0.270187165;1;1
0.288648953;-1;0
4.420354632;1;1
-2.024122659;1;0
0.116197971;-1;0
3.015165254;-1;0
-3.499439305;-1;1
-2.289623495;1;0
-1.972765426;-1;1
-1.074920483;1;0
-1.841775302;1;0
2.000866582;1;1
4.367776545;1;1
0.529676756;-1;0
-0.753949711;1;0
-3.132545072;1;0
0.514504692;1;1
0.203298653;1;1
2.1256236;1;1
-1.711599678;-1;1
-2.337530175;-1;1
-3.270734271;-1;1
-3.412675517;-1;1
-2.672093362;-1;1
-5.723317515;1;0
-9.748244886;-1;1
-2.174441204;1;0
-7.938170849;-1;1
-0.977350741;1;0
-3.157548339;1;0
2.839630706;-1;0
0.105127093;1;1
-5.467440018;-1;1
-2.189054787;-1;1
-6.652066953;-1;1
-5.333152965;1;0
-1.445527736;1;0
4.356237314;-1;0
-1.586759051;-1;1
-3.956641933;1;0
-4.175674066;-1;1
2.880099991;1;1
-3.795463598;1;0
2.155841364;1;1
3.499193033;-1;0
-1.565461504;-1;1
-7.752731419;-1;1
-3.116046833;1;0
-2.453945207;-1;1
1.114738189;1;1
-4.598768005;1;0
-1.003439788;1;0
-0.679827976;-1;1
-0.539333045;1;0
-2.349863602;1;0
0.66629828;-1;0
1.251508081;1;1
-2.787468482;1;0
2.628876018;-1;0
1.648230428;1;1
-2.598155865;1;0
2.978620961;-1;0
-2.46360441;1;0
-5.13510922;-1;1
-1.232518585;-1;1
-4.221146992;-1;1
-5.501144151;1;0
-6.457828918;-1;1
3.334008397;-1;0
-6.076964583;-1;1
-4.942526487;1;0
-4.921174174;-1;1
1.588499828;1;1
-4.055697752;-1;1
-1.855774366;1;0
-5.647960409;-1;1
-1.147560346;1;0
-5.024975942;1;0
1.690097373;-1;0
0.408431127;-1;0
-5.710777784;-1;1
-5.608374576;1;0
-4.706639902;-1;1
-1.340953652;-1;1
-7.652712361;1;0
-6.670859618;1;0
1.699217414;-1;0
-0.100349087;1;0
-2.050943381;-1;1
-0.848046726;-1;1
-4.944720201;1;0
-19.83070787;-1;1
3.293531113;1;1
-0.098272815;-1;1
0.973494157;1;1
-3.07196747;1;0
2.791757734;-1;0
3.234568731;-1;0
-2.893574612;-1;1
-3.006936268;-1;1
-1.64959453;-1;1
-4.193146968;1;0
-1.031003604;-1;1
4.180385798;1;1
0.004695538;-1;0
3.256559808;1;1
-2.777598771;-1;1
0.183633857;1;1
-2.586508194;-1;1
0.059349295;1;1
-0.488698367;1;0
6.214079793;1;1
7.622377563;-1;0
3.546910138;-1;0
-3.602360825;1;0
-2.714519077;-1;1
-0.442340389;-1;1
-2.142187393;1;0
-2.142830542;1;0
0.083698727;1;1
3.029147331;1;1
8.176577767;1;1
4.0139702;1;1
-0.19242996;-1;1
-0.515788575;-1;1
-8.484590084;1;0
-6.425875817;-1;1
-0.302443038;-1;1
-2.169068599;1;0
-3.289434232;1;0
1.905964828;-1;0
-0.259681277;1;0
-1.851655037;-1;1
-0.441285337;1;0
-3.542836258;1;0
0.020012069;1;1
0.361531309;-1;0
-1.203056609;-1;1
-2.135661333;-1;1
-1.564732234;1;0
-0.162217132;-1;1
7.984885882;1;1
-5.223930464;-1;1
3.159567151;-1;0
-3.913266609;1;0
-0.79812149;1;0
4.500901812;1;1
-0.089937102;-1;1
-1.16238339;1;0
-2.697175224;-1;1
-0.693218928;1;0
-5.337254055;-1;1
3.129501763;1;1
-1.509670284;-1;1
1.582554551;-1;0
-2.150143064;-1;1
-5.058457497;-1;1
-5.155786845;-1;1
-5.818208456;1;0
-3.449270294;-1;1
-0.853729683;1;0
-3.103318886;1;0
4.052951201;-1;0
2.826741572;-1;0
-3.588435345;1;0
-2.044353148;-1;1
4.125790185;1;1
-2.799562293;-1;1
-0.172733275;1;0
-5.891327085;1;0
-0.236266381;-1;1
-0.381554737;1;0
-2.831514443;-1;1
-1.130608267;-1;1
-6.935958075;-1;1
-3.571924992;1;0
-3.468871222;-1;1
0.501987297;-1;0
-5.009076207;-1;1
-5.707507887;-1;1
-3.598260941;1;0
-3.156939905;1;0
3.997232861;-1;0
3.985065089;-1;0
-7.064404875;1;0
-0.095112962;1;0
3.596754359;-1;0
0.548195201;1;1
-3.78813326;1;0
2.314612871;-1;0
-0.245444218;1;0
-2.537683781;1;0
1.719040418;1;1
0.829806617;1;1
2.449285066;1;1
-0.113287797;1;0
-0.085294876;1;0
1.233837664;1;1
6.748749125;-1;0
5.064714154;-1;0
-8.002809204;1;0
-5.006862673;-1;1
2.066100333;1;1
-6.112552925;-1;1
2.78485671;1;1
-1.681480294;-1;1
2.553669419;1;1
-4.392536701;-1;1
-1.420580035;-1;1
-3.527919927;-1;1
-6.304724978;-1;1
-9.125043849;-1;1
-6.424405756;1;0
-6.347263128;-1;1
7.441953106;-1;0
-3.192378298;-1;1
-9.345487062;1;0
-1.506356338;1;0
3.653600225;-1;0
5.914664487;1;1
-3.616577636;1;0
-0.757275277;1;0
0.076220084;-1;0
-0.693700801;-1;1
-2.716062098;-1;1
-5.258338517;1;0
-1.562900662;1;0
-0.22716254;-1;1
1.104186926;-1;0
-3.434983483;1;0
-8.044410627;-1;1
0.964597166;-1;0
-0.917352316;1;0
-0.012882875;-1;1
4.767728822;-1;0
-2.855944311;1;0
-3.138365011;1;0
0.210563204;-1;0
2.046976369;1;1
-2.81274098;-1;1
1.011051655;1;1
-4.787672964;1;0
0.549902133;-1;0
3.060184559;-1;0
-5.885917261;1;0
-1.909283359;1;0
3.469578675;-1;0
3.746249598;1;1
0.323337248;-1;0
9.048952291;-1;0
-3.102793465;-1;1
-1.783386543;1;0
-2.431292791;-1;1
-1.684985475;1;0
-5.342406784;-1;1
-1.208546244;1;0
-4.030578058;-1;1
6.532089039;-1;0
-6.875011119;-1;1
-4.306409583;1;0
-4.557197425;1;0
-0.479333568;-1;1
0.806588836;1;1
-6.015537899;1;0
3.898545244;-1;0
-2.046451138;-1;1
-6.707314813;-1;1
-2.224307553;-1;1
-7.472440577;1;0
-4.556250481;-1;1
3.518721372;-1;0
-3.337389216;1;0
-1.785124362;-1;1
2.301833539;-1;0
-1.637792698;1;0
-0.539171945;-1;1
0.547709927;1;1
-2.279740742;1;0
7.876367504;-1;0
8.757141334;-1;0
-4.996313015;-1;1
-4.166012465;-1;1
-2.317846706;1;0
-3.667992033;1;0
-0.203574069;1;0
0.83326503;-1;0
-1.050489697;1;0
-2.432032719;1;0
3.890243714;-1;0
0.838016682;1;1
-1.391622353;1;0
-0.202061681;-1;1
1.751128322;1;1
-1.389636902;1;0
-0.033243408;1;0
0.186312624;-1;0
1.373887564;1;1
-3.092958362;1;0
-1.108675952;-1;1
-1.964161793;1;0
-3.903489171;-1;1
-0.327331189;1;0
-1.204492507;1;0
1.084270422;1;1
1.254881201;1;1
4.000986536;1;1
1.488608714;-1;0
-0.931870287;1;0
-4.797515913;1;0
0.51952341;-1;0
-0.651377426;1;0
-5.006866979;1;0
-1.222029395;-1;1
-0.557770982;-1;1
-8.025679027;1;0
-7.915457224;1;0
-0.453243969;-1;1
1.36678881;-1;0
-3.283633917;-1;1
-4.52679182;1;0
-3.465335317;-1;1
0.366291174;-1;0
-2.736448582;1;0
-5.124184435;-1;1
1.11932275;-1;0
-3.686043326;-1;1
-6.657570504;-1;1
-3.507468066;-1;1
-5.424745593;1;0
-3.291052359;-1;1
3.408896341;1;1
-9.377459032;-1;1
3.270139776;1;1
-2.062296399;1;0
2.672022698;-1;0
0.293014241;-1;0
-5.861120432;-1;1
-6.946276149;1;0
-10.61753215;1;0
6.95564172;1;1
1.915546922;-1;0
-3.041460557;1;0
-22.45696433;-1;1
0.342828447;-1;0
-3.03245494;-1;1
-3.078091151;-1;1
-3.056500747;1;0
-3.810229361;1;0
6.430279848;-1;0
0.696823329;1;1
0.37481982;1;1
5.976004808;1;1
0.276083985;-1;0
3.090152637;1;1
-2.931949099;1;0
0.036324495;-1;0
1.211036611;-1;0
-3.726280132;-1;1
-2.894447751;1;0
-7.459656563;1;0
5.550255817;-1;0
1.929894201;-1;0
-1.065124609;1;0
-1.142437851;1;0
4.231034179;-1;0
-0.285518712;-1;1
-6.616284951;1;0
-0.261290976;-1;1
0.796639637;-1;0
-2.63517253;1;0
-0.826424167;-1;1
0.271768352;1;1
-7.871238178;1;0
2.859149734;1;1
4.08771938;-1;0
3.928599079;-1;0
-9.789208638;1;0
-4.04294618;-1;1
3.889252935;-1;0
-3.255944972;-1;1
-2.456067921;1;0
-3.341646683;-1;1
0.049684807;1;1
-5.36780192;-1;1
3.046506779;-1;0
-1.716624238;-1;1
-6.351014281;1;0
-3.726303359;-1;1
8.209442685;-1;0
-5.355906965;1;0
-0.038059143;-1;1
0.604929035;-1;0
-0.395083327;1;0
2.080626939;-1;0
11.63023522;1;1
-1.99632587;-1;1
0.504828584;-1;0
-1.192184963;1;0
-1.408755366;1;0
0.782179325;1;1
-0.056706637;-1;1
-0.508519164;1;0
-0.760864945;1;0
7.235857881;1;1
14.38530833;-1;0
1.930553697;1;1
-4.316551459;1;0
-0.090697214;1;0
0.708414822;1;1
0.089919187;1;1
3.270911827;1;1
0.085047283;-1;0
-0.413581176;1;0
-6.521232385;-1;1
0.424939931;1;1
-5.421526288;1;0
1.751239494;1;1
1.872398116;-1;0
1.38348128;-1;0
-5.325146483;1;0
-3.141815751;-1;1
2.0935031;1;1
-2.384617939;1;0
0.800534184;-1;0
0.31933993;-1;0
-4.394801405;-1;1
-6.540058932;1;0
-5.704169036;-1;1
-0.459726441;1;0
-6.728370452;-1;1
0.102819583;-1;0
-4.851690559;1;0
-2.59803536;-1;1
5.959402541;1;1
-4.887778696;1;0
2.685869541;1;1
0.826285546;-1;0
0.713617239;-1;0
-4.027512013;-1;1
-10.6335277;1;0
-4.592940599;-1;1
2.248220217;1;1
-4.652373565;-1;1
-1.027696228;1;0
-6.56061248;-1;1
1.779483848;1;1
-5.427821308;1;0
0.785496942;1;1
0.872925289;1;1
5.638268656;1;1
2.897930954;-1;0
3.322591853;1;1
-6.722419296;1;0
0.610856066;-1;0
0.571666072;-1;0
-3.387538675;1;0
-5.279963033;1;0
3.192439647;-1;0
7.202459533;-1;0
-1.377767953;1;0
-2.237724303;-1;1
2.842947155;-1;0
-2.904440382;1;0
-1.933059044;1;0
0.87002367;1;1
4.702685726;1;1
9.565932128;1;1
8.888394996;-1;0
-1.519420762;1;0
-4.59890373;1;0
0.162691227;-1;0
1.194111944;1;1
-2.068096343;-1;1
1.503138114;1;1
-1.846540169;-1;1
2.066389662;-1;0
-5.664213732;1;0
-2.884730144;1;0
1.401028808;1;1
-0.862341415;-1;1
0.685701333;-1;0
-2.726067176;-1;1
-4.376972458;1;0
-5.280330095;1;0
-0.008854617;1;0
0.576558911;-1;0
1.295332725;1;1
-1.665167772;1;0
1.972877213;-1;0
0.301663789;-1;0
-2.882176873;1;0
-1.652773947;-1;1
0.852987991;-1;0
-4.306832543;-1;1
-5.144816895;-1;1
-4.724276035;1;0
-1.984506149;1;0
0.342807817;1;1
0.497842735;1;1
2.951661022;-1;0
-0.800447759;-1;1
-1.99210471;1;0
-2.505784626;-1;1
0.162704507;-1;0
-1.709714471;-1;1
-2.457975737;-1;1
-2.850985681;1;0
-3.806281831;1;0
-0.290218219;-1;1
-0.995806705;-1;1
-3.555943885;1;0
-1.759009417;-1;1
-0.92595881;1;0
-1.39077438;1;0
-0.613899369;1;0
-0.257276422;-1;1
0.307085255;1;1
-3.063028186;-1;1
-0.529836545;-1;1
-3.163710565;-1;1
-3.635255918;-1;1
-8.456795158;-1;1
-3.781936463;1;0
-3.792834776;1;0
2.372225799;1;1
3.631750468;-1;0
0.418904535;1;1
-1.729483975;-1;1
-1.149038405;-1;1
-6.295635017;1;0
-0.786616715;1;0
1.276048963;-1;0
-1.048027722;1;0
-2.465258878;1;0
-0.130310335;-1;1
0.169949936;1;1
-2.23853623;-1;1
0.384779703;1;1
-1.257584372;1;0
1.788477489;-1;0
1.011059664;-1;0
-2.20009536;-1;1
-3.120708069;-1;1
-1.756000907;-1;1
-3.479963649;1;0
-0.773406762;1;0
0.439350281;1;1
0.315052635;-1;0
-0.786568534;1;0
-2.210548859;-1;1
-0.254158627;-1;1
-2.448961987;-1;1
-1.991754697;1;0
-3.050853145;-1;1
1.552536556;1;1
-1.056972497;-1;1
4.05211841;-1;0
-1.581489017;-1;1
-3.492192971;-1;1
-2.783714212;-1;1
-5.553132269;1;0
-0.817662714;-1;1
0.943559848;-1;0
-2.688738228;-1;1
-3.895391775;-1;1
-2.337610731;-1;1
-1.420085437;1;0
-3.615703098;-1;1
3.259753449;-1;0
-1.627703624;-1;1
-4.373064088;1;0
-2.907672276;-1;1
4.908631815;-1;0
-1.630258785;-1;1
-4.597308578;1;0
-1.478920631;1;0
2.095020684;1;1
1.146054368;1;1
1.696733879;1;1
3.570051097;1;1
0.070108274;1;1
0.427879315;-1;0
-0.323590254;1;0
-2.242651865;1;0
0.100715002;1;1
2.421129047;1;1
1.394679659;-1;0
0.6778702;1;1
-0.686418003;-1;1
0.144149368;1;1
-2.46550839;1;0
1.599074757;1;1
2.532037775;1;1
0.453086372;1;1
2.959664854;1;1
1.642953848;-1;0
-1.117296757;1;0
-4.241698906;-1;1
-1.136823837;1;0
-1.310101738;-1;1
1.121083864;1;1
-1.45319471;1;0
0.373287975;1;1
3.417036146;-1;0
-0.962421701;1;0
-1.240890173;1;0
-0.73809028;1;0
0.127707828;-1;0
0.388865101;1;1
-4.155736173;-1;1
-0.848346676;1;0
-1.480867798;1;0
-0.567378729;-1;1
-1.030284686;1;0
-2.427683759;1;0
0.19228157;-1;0
-0.631060821;-1;1
-4.456965221;1;0
-3.233193831;1;0
1.881381705;-1;0
-0.211668969;1;0
-2.515559061;1;0
2.939738662;-1;0
4.145209428;1;1
-3.055448119;-1;1
-1.382258235;1;0
-1.999201542;1;0
1.153993893;-1;0
-0.207395899;1;0
-5.057502813;1;0
-0.430971036;1;0
-1.064745443;1;0
-0.118156697;-1;1
0.171638569;-1;0
-3.305022465;-1;1
-2.619426905;1;0
-2.047539057;1;0
-0.153864158;-1;1
-0.417291008;-1;1
-2.863499313;1;0
-3.883710691;1;0
-0.380988612;1;0
1.524734021;-1;0
0.32937801;1;1
-3.494918468;-1;1
-0.94431788;-1;1
-2.535476394;-1;1
-5.019391859;-1;1
-4.386642577;1;0
-4.103063915;-1;1
-0.803041827;1;0
-2.643946471;-1;1
0.29906729;-1;0
-9.319839132;-1;1
-6.481554415;1;0
-4.098146993;1;0
0.132520606;-1;0
-0.624426624;-1;1
-3.676492724;1;0
-6.703350169;1;0
2.881776439;1;1
1.983472209;-1;0
-1.156319952;-1;1
-2.59567421;1;0
-1.490189923;-1;1
-1.183389442;1;0
-4.018630456;1;0
1.057361564;-1;0
1.84832651;1;1
-1.614075262;-1;1
0.843555471;-1;0
-2.427475695;-1;1
-7.499054814;-1;1
-3.212340175;-1;1
-3.858940453;1;0
-3.72830465;-1;1
1.979893366;-1;0
-1.062077149;1;0
-1.841016089;1;0
0.352530928;1;1
0.949322143;1;1
6.091860805;-1;0
2.669838871;1;1
-1.050071407;-1;1
-0.758688907;1;0
-3.773898219;1;0
0.896989649;1;1
0.078032826;-1;0
2.779745743;-1;0
-2.782766588;1;0
-1.637625199;-1;1
-0.822012925;1;0
-1.22265656;-1;1
-0.020294618;1;0
-3.11448062;-1;1
0.380694003;-1;0
-2.887812493;-1;1
-3.559488832;1;0
-1.510222424;1;0
-0.04710369;-1;1
-0.339674553;-1;1
-2.689927248;-1;1
-3.363250511;1;0
-1.709864993;-1;1
-0.450008869;-1;1
-7.448899611;1;0
-12.50795264;1;0
0.571856135;-1;0
0.250906435;1;1
-5.76087717;-1;1
1.665667187;1;1
-0.161183468;-1;1
0.658953267;1;1
-0.793948045;1;0
5.049882013;-1;0
-0.395541665;-1;1
-1.654994409;-1;1
-1.089832399;1;0
-1.096938822;-1;1
-0.318413768;-1;1
-2.74789219;-1;1
-1.054938583;1;0
-0.016064029;-1;1
0.574458869;-1;0
-1.039207338;-1;1
-3.911188285;1;0
-6.846035634;1;0
2.382883207;-1;0
7.001159331;-1;0
-3.066890121;1;0
0.476254552;1;1
4.048850449;-1;0
3.875085039;1;1
-1.024957723;1;0
1.207144399;-1;0
-0.055432143;-1;1
-1.818225671;1;0
-1.101414193;1;0
0.788779622;-1;0
0.138185246;-1;0
-1.778422359;-1;1
-1.314981566;1;0
-0.341055159;-1;1
0.475296907;-1;0
-2.677732042;1;0
-2.415150742;1;0
2.023002958;-1;0
1.51160312;-1;0
-1.25834454;-1;1
-1.828895672;-1;1
-1.897006151;-1;1
-1.488626788;1;0
-0.430159003;1;0
1.703716167;1;1
1.294370361;-1;0
1.240390779;-1;0
-1.787067438;-1;1
-3.240015168;-1;1
-2.380873091;1;0
-2.698114868;-1;1
1.554459872;1;1
-0.383050027;1;0
2.877873479;1;1
2.887034184;-1;0
-0.40791076;1;0
-4.628835553;1;0
2.364604481;1;1
3.738411999;-1;0
3.711635629;-1;0
-2.626109328;-1;1
-1.663521763;1;0
-0.340749194;-1;1
1.402395922;1;1
0.811252169;-1;0
2.349399654;1;1
-1.471618174;1;0
3.024581197;-1;0
2.224758883;-1;0
-0.382462908;-1;1
-4.109338981;1;0
-0.511474461;-1;1
3.727586301;-1;0
-0.315710529;1;0
-1.834287137;1;0
6.747122531;-1;0
0.966251361;-1;0
-1.68735605;-1;1
-2.132160471;-1;1
-0.227627876;1;0
-1.162020311;1;0
3.412391772;1;1
2.828528498;1;1
3.674608983;-1;0
0.789154925;1;1
0.482833691;1;1
1.408955278;1;1
4.593462866;1;1
3.008063751;1;1
4.56362315;-1;0
3.754652967;-1;0
-1.483488084;1;0
0.031435092;-1;0
0.966778708;-1;0
-2.084605489;-1;1
-1.385970499;-1;1
-2.036687377;1;0
-1.924530607;-1;1
0.734063735;-1;0
-1.919174788;1;0
-3.000989384;-1;1
1.820074166;1;1
-1.207111962;1;0
2.0686507;1;1
2.320003618;-1;0
1.422353098;-1;0
-1.904182862;1;0
-2.274246604;-1;1
1.250854202;-1;0
0.140245911;-1;0
-0.718938612;-1;1
-3.298128576;-1;1
-5.397861388;-1;1
-0.384577044;-1;1
-0.677940738;1;0
-2.763675904;-1;1
4.787470316;-1;0
-0.708690777;-1;1
-1.579392294;1;0
-0.811632045;-1;1
4.227787476;1;1
-0.817794697;-1;1
0.681722287;1;1
-3.069248743;1;0
1.53429871;-1;0
0.918659955;1;1
-0.669388065;1;0
5.821804009;-1;0
8.763470371;1;1
1.45923106;-1;0
6.213776666;1;1
-1.965163558;1;0
10.23705668;1;1
3.327478047;-1;0
1.758869226;1;1
-0.902665308;-1;1
-0.051069233;1;0
-2.061427603;1;0
4.000563435;1;1
2.898389773;1;1
1.006307629;1;1
2.741873319;1;1
0.914499998;1;1
2.511475737;-1;0
2.533896497;-1;0
-0.963625272;-1;1
-0.683200648;-1;1
-3.379396838;-1;1
-1.511783617;1;0
0.358859851;1;1
2.616201938;1;1
0.787013188;-1;0
1.711946411;-1;0
-0.918653436;-1;1
-1.030523933;1;0
-0.00222077;1;0
4.997174689;-1;0
4.021655594;1;1
-0.180520758;-1;1
1.882901896;1;1
-0.846961249;-1;1
3.006289547;1;1
-1.010818281;-1;1
-0.149839962;-1;1
-3.050398358;-1;1
-2.051815417;-1;1
-0.925218395;-1;1
-1.508989003;1;0
-2.969012348;1;0
1.828976258;-1;0
0.62374917;-1;0
-1.476199568;1;0
0.351053242;-1;0
1.846628691;-1;0
-1.774315915;-1;1
-1.389970244;1;0
-0.088940822;1;0
1.729910407;-1;0
0.64282935;-1;0
-0.745166637;-1;1
-1.624734825;-1;1
-1.417376744;1;0
-0.767902116;1;0
2.600703898;1;1
4.297582965;1;1
1.939360674;1;1
3.057747296;-1;0
2.540983217;1;1
-1.617222202;1;0
3.600278266;-1;0
0.672876088;1;1
-0.098919504;-1;1
0.932094361;-1;0
-1.764170062;-1;1
-3.162581428;-1;1
-6.068768396;-1;1
-1.006786729;1;0
-0.548612144;-1;1
1.349762846;-1;0
-2.521491393;1;0
-0.071366398;1;0
2.362773553;-1;0
-0.052258217;-1;1
-2.32920826;-1;1
0.123707244;-1;0
-0.030129063;1;0
-1.036517736;1;0
0.569794713;-1;0
0.50257125;1;1
-0.023408303;-1;1
1.167918323;-1;0
-0.581491198;-1;1
-0.952154417;1;0
-0.075315539;1;0
2.748439259;1;1
2.629094116;-1;0
0.341151924;1;1
-0.049451688;-1;1
0.860686901;1;1
-1.397143451;-1;1
0.464068834;-1;0
-1.852946109;1;0
0.302437392;-1;0
0.965150918;-1;0
-0.643300789;1;0
-0.232215008;-1;1
1.42045115;1;1
-0.33369939;-1;1
0.791839244;-1;0
-2.506529835;-1;1
-0.107673941;1;0
0.95005913;1;1
4.513787472;1;1
1.744610321;1;1
4.455031496;-1;0
-0.025778176;1;0
-0.45298938;1;0
0.984272067;-1;0
2.753680345;1;1
-2.982958433;-1;1
1.096461472;-1;0
-2.315163442;-1;1
-0.152814686;-1;1
-1.195362573;1;0
-2.745205583;1;0
1.265115522;1;1
3.678936165;-1;0
0.399273525;-1;0
-1.348555887;-1;1
-0.34181258;-1;1
-0.655689468;1;0
-1.415768285;-1;1
0.53811582;1;1
0.218417138;1;1
2.496601139;1;1
3.523787359;1;1
0.500538766;-1;0
1.529059716;1;1
-0.559681793;1;0
2.841121399;-1;0
-0.044793083;-1;1
-1.053444901;1;0
-1.359540559;1;0
1.659850499;-1;0
0.440258836;1;1
-0.753966012;1;0
1.583512906;-1;0
1.732454066;1;1
-1.18961679;-1;1
0.914499661;-1;0
-1.305476311;1;0
-0.51624806;1;0
2.1034653;1;1
1.866303947;-1;0
0.689488739;1;1
-1.522862305;-1;1
1.059759799;-1;0
-1.961472922;-1;1
-3.471493354;1;0
-0.82834392;-1;1
0.411564623;-1;0
-0.401746952;1;0
-0.500744093;-1;1
2.898836684;-1;0
-0.344335788;1;0
-0.236452393;-1;1
0.528458444;-1;0
-1.870008796;1;0
-4.32192264;-1;1
-0.019434217;-1;1
-3.317980347;1;0
-1.697988567;-1;1
2.492050538;1;1
0.279772869;-1;0
2.865368085;-1;0
-0.301088825;1;0
-1.037803394;-1;1
2.154497687;1;1
-0.161021555;-1;1
0.449704804;1;1
-0.115527554;-1;1
0.022129883;1;1
-2.050269205;-1;1
0.321561252;1;1
-0.924547055;-1;1
2.125453883;-1;0
-1.363149599;1;0
-0.830749371;1;0
1.680810873;-1;0
1.243977692;1;1
-0.476598087;1;0
2.666683893;-1;0
-0.070387681;-1;1
-1.384632639;1;0
-1.608632758;1;0
1.186364099;1;1
0.863509204;1;1
1.268095356;-1;0
-0.54303509;1;0
-4.184174707;-1;1
0.222688186;-1;0
-1.626526442;1;0
-0.61460556;-1;1
0.461664464;1;1
-0.397058246;-1;1
2.368009938;-1;0
-1.384016926;-1;1
-1.034903598;1;0
-0.855560225;1;0
0.497453369;-1;0
0.116683375;-1;0
-0.352499694;-1;1
-1.458543162;1;0
0.28759269;1;1
1.384358126;1;1
0.41530369;1;1
0.429808897;-1;0
0.660579375;1;1
-0.178339506;1;0
0.623112612;1;1
0.807619941;-1;0
2.058331067;1;1
-0.742107032;-1;1
0.254629676;1;1
-0.16650934;-1;1
-0.036939398;1;0
-1.053283084;-1;1
0.636429332;-1;0
-0.562702897;1;0
-0.002081997;1;0
1.129575149;1;1
4.81600889;1;1
1.009477162;-1;0
1.61302486;1;1
-0.816523433;1;0
2.589980032;-1;0
-0.193673856;1;0
-2.133887648;1;0
0.130682667;-1;0
0.746599308;1;1
-0.016491054;1;0
2.101421744;1;1
0.485889944;1;1
1.709623562;-1;0
0.783287468;-1;0
-2.707771564;-1;1
-0.829377991;1;0
-2.672313553;-1;1
-0.293728408;1;0
-0.564885596;-1;1
0.016304657;1;1
-1.108590388;-1;1
2.2313671;1;1
-0.456405623;1;0
0.565337243;1;1
0.512349801;1;1
0.570229995;-1;0
0.806462967;1;1
-0.562290419;1;0
0.046641228;-1;0
0.174873886;1;1
-0.963227455;-1;1
-1.163704726;-1;1
-4.604962989;-1;1
-0.330926995;-1;1
-0.510676716;-1;1
-0.400916123;-1;1
-0.848874707;1;0
-0.494548362;1;0
0.187268112;1;1
0.274053969;-1;0
1.37123991;-1;0
-0.978546306;1;0
-0.400266477;1;0
0.280125685;-1;0
-0.107804305;-1;1
-1.047602919;1;0
-0.800475451;-1;1
0.599959447;1;1
-1.133934028;-1;1
1.754214433;1;1
-0.646637598;1;0
1.504080401;-1;0
0.013736352;-1;0
-1.426448699;-1;1
-1.009537088;1;0
-1.168726159;-1;1
0.108003034;1;1
-1.397670046;1;0
0.362833408;-1;0
1.017457957;1;1
-0.397363714;1;0
0.516584266;1;1
0.641412211;-1;0
0.244425825;-1;0
-0.713724907;1;0
-0.559566316;-1;1
0.925172685;1;1
-1.125496877;-1;1
0.276110837;1;1
-0.730188284;1;0
1.233521809;1;1
0.574895088;-1;0
-0.111435631;1;0
-0.646739283;-1;1
1.813501789;-1;0
-1.28362784;1;0
-1.110797339;1;0
0.200167927;-1;0
-0.216191127;-1;1
-1.247195313;1;0
-0.848867102;1;0
0.577223063;-1;0
0.177129527;1;1
-1.471044584;-1;1
-0.565925786;1;0
-1.382143781;1;0
1.525853443;-1;0
-0.429356281;1;0
-0.655292688;-1;1
-0.482880013;1;0
-2.530938795;-1;1
-0.323255872;1;0
-2.427645071;1;0
1.400777438;1;1
4.589761908;1;1
1.599863509;1;1
1.849551813;-1;0
0.142009001;1;1
-0.710869653;1;0
0.379628227;-1;0
1.553430565;-1;0
-2.286701752;1;0
-2.204381141;1;0
0.504060513;1;1
0.945386342;1;1
-0.295079268;1;0
0.148027557;-1;0
-0.755033872;1;0
-2.284794281;1;0
-0.520733816;1;0
-0.454272344;1;0
0.266100749;-1;0
-0.382573986;1;0
-1.376714575;-1;1
-0.2195153;-1;1
-1.300034422;-1;1
-1.952712467;-1;1
-1.477754207;-1;1
-1.498166629;1;0
-2.007760814;-1;1
0.457281882;1;1
-0.779148605;-1;1
-0.286209069;1;0
-0.758707837;-1;1
0.086894944;1;1
-0.808068962;-1;1
-0.617635628;1;0
-1.071308674;-1;1
-0.887718065;-1;1
-2.807883217;-1;1
-0.864878001;-1;1
-2.677629705;1;0
-2.137693595;-1;1
1.905463296;1;1
-2.044557695;1;0
0.672838667;-1;0
0.671275775;-1;0
-1.343629067;-1;1
-2.01391395;1;0
-0.976024536;1;0
0.185978917;1;1
0.39736607;1;1
0.528791897;-1;0
0.096575659;-1;0
-0.558916575;-1;1
-0.914007466;1;0
-0.803936759;1;0
0.762556138;-1;0
1.887495172;-1;0
-0.562641016;-1;1
-1.157850701;1;0
-1.150862239;1;0
-0.178682931;-1;1
0.213244312;1;1
-1.102109798;-1;1
0.373183676;-1;0
-0.98775695;-1;1
-1.90379008;-1;1
-1.066317773;1;0
-1.759309216;-1;1
0.348794777;1;1
-0.80551996;-1;1
0.180442607;1;1
-1.176469044;-1;1
0.400680727;-1;0
-1.466551027;-1;1
-2.106899039;-1;1
-1.355080826;1;0
-0.116761599;-1;1
1.027615845;-1;0
-0.395319052;-1;1
-0.975650639;-1;1
-0.696983803;1;0
-1.71086948;-1;1
0.116204293;1;1
-0.424076552;-1;1
0.168140851;-1;0
-1.290552146;1;0
-1.042544286;1;0
0.82919771;1;1
1.221011598;-1;0
0.262929699;-1;0
-0.497744086;1;0
0.222380508;-1;0
1.750731803;1;1
-0.560819099;-1;1
0.118181134;-1;0
-0.297922925;-1;1
-0.79379912;-1;1
-0.487480409;1;0
-0.879901972;1;0
0.38219898;1;1
1.513827904;1;1
1.536507161;1;1
-0.097348915;-1;1
0.110114956;1;1
-0.629353548;-1;1
0.288271357;1;1
-0.449519826;-1;1
-0.278915043;-1;1
-0.865015705;1;0
-0.818180414;1;0
0.60867376;-1;0
0.504216331;-1;0
-1.362417396;-1;1
-0.983891376;-1;1
-1.35397678;-1;1
-0.737737887;-1;1
-0.499471951;-1;1
-1.071815745;-1;1
-1.022360468;-1;1
-1.842302371;-1;1
-0.897613499;1;0
-2.069808327;1;0
0.367689701;1;1
0.545646728;-1;0
1.143426328;-1;0
-1.439947111;1;0
-0.068748895;1;0
0.570191453;1;1
1.49820345;-1;0
0.996827428;1;1
-1.20555189;-1;1
0.594055728;1;1
-1.500649628;1;0
0.455529533;-1;0
0.921873659;1;1
0.112743389;1;1
1.127564575;-1;0
0.167667248;-1;0
-0.820187087;1;0
-1.241291733;-1;1
0.068023076;-1;0
-1.437337244;1;0
-2.115913537;1;0
0.461173111;-1;0
1.478361307;-1;0
-1.976727576;1;0
-1.381173946;1;0
2.190388313;1;1
0.152234537;1;1
0.293416982;-1;0
1.283063538;1;1
-0.246220208;-1;1
0.268141199;1;1
-0.763335076;1;0
0.141027753;-1;0
0.328391366;1;1
-0.44120323;-1;1
0.156443243;1;1
-0.62180197;-1;1
0.234400928;1;1
-0.511242462;-1;1
0.384772359;1;1
-0.096478715;1;0
0.914766226;1;1
1.195155885;1;1
0.716108866;-1;0
0.23242816;1;1
-0.383115053;-1;1
0.101105568;-1;0
-0.594060985;-1;1
-0.488014745;-1;1
-0.555083924;1;0
-0.108806193;-1;1
-0.37574856;-1;1
-1.891076602;1;0
-0.398376231;-1;1
0.622260097;1;1
-0.262796375;1;0
0.513264522;1;1
0.782018818;1;1
1.131412968;1;1
1.239092008;1;1
0.470158755;1;1
0.243003464;-1;0
0.600599473;-1;0
-1.090255395;-1;1
-1.02335677;-1;1
-0.354316597;-1;1
-1.116844249;-1;1
-1.370974465;1;0
-0.260300905;1;0
0.317558451;1;1
2.10680818;-1;0
4.015453439;-1;0
-1.063430748;-1;1
-1.245626341;1;0
-0.784315218;1;0
1.27360288;1;1
0.757547505;-1;0
0.900503472;1;1
-0.796995849;1;0
0.167752765;1;1
0.291681084;1;1
0.364910961;1;1
0.909779426;1;1
1.362202216;1;1
0.776003429;-1;0
-0.274301058;1;0
-0.330784277;1;0
0.187555025;1;1
1.171523033;1;1
0.343291834;-1;0
0.016576436;1;1
-1.619653713;-1;1
0.158365042;-1;0
-1.072540204;1;0
-1.09862515;1;0
0.413851713;1;1
-0.211003901;-1;1
-0.426021375;1;0
-1.195257268;-1;1
0.207144347;1;1
-1.627217028;-1;1
1.551921681;1;1
-0.325660807;1;0
1.265930415;-1;0
-0.199431726;1;0
-2.359050324;1;0
0.374391938;-1;0
0.323603001;-1;0
-1.643649914;1;0
-0.591475384;1;0
0.537771962;1;1
-0.502083192;-1;1
-0.70829977;1;0
-2.006201389;1;0
0.032277225;1;1
0.192896126;1;1
0.204923111;-1;0
-0.486053467;1;0
-0.650346265;-1;1
0.386388086;1;1
-0.715277668;1;0
-0.378405327;-1;1
-0.4532978;-1;1
-1.875302233;-1;1
-1.905869579;-1;1
-0.845728478;-1;1
-0.988247734;-1;1
-1.045750495;-1;1
-0.775307244;1;0
-1.267534892;-1;1
-0.382243132;-1;1
-1.479382469;1;0
-0.670684875;-1;1
0.128738881;-1;0
-2.678350263;-1;1
-0.647323594;-1;1
-1.271860962;1;0
-0.972101727;-1;1
0.110599693;1;1
-0.62449466;1;0
-0.073640057;1;0
0.91042964;1;1
0.385585034;1;1
0.253044064;-1;0
-0.052619864;1;0
-1.125089548;1;0
0.79568577;-1;0
-0.507731883;-1;1
-1.268582215;1;0
-2.154929464;1;0
-0.157244884;1;0
0.362667526;1;1
0.126759929;1;1
0.602163479;-1;0
-0.282304994;-1;1
-1.61998713;-1;1
-1.218545622;-1;1
-1.59840035;1;0
-0.483568725;1;0
0.364342796;-1;0
-0.214173834;1;0
-0.460869793;-1;1
0.434974537;-1;0
-0.971930667;-1;1
-1.002395283;-1;1
-0.580564087;1;0
-1.16072266;1;0
0.38766356;1;1
-0.052201978;-1;1
-0.486813984;1;0
-1.354891065;-1;1
0.043273499;-1;0
-1.136406099;-1;1
-1.385535254;-1;1
-1.377735706;1;0
-0.893682108;-1;1
0.064127106;1;1
0.007206703;1;1
1.06640066;1;1
0.034111818;-1;0
0.03560244;1;1
-0.808372619;1;0
-0.005476482;-1;1
0.357138781;-1;0
-1.482116291;-1;1
-0.590090559;-1;1
-1.312432388;-1;1
-1.058102862;-1;1
-1.088673204;-1;1
-1.541301895;-1;1
-1.963343092;-1;1
-0.916742301;-1;1
-1.730648436;-1;1
-2.812299765;-1;1
-8.475109224;-1;1
-0.022351777;-1;1
-1.940073961;1;0
-3.390272391;1;0
3.030970691;1;1
0.747645979;1;1
1.109523469;1;1
1.797555789;-1;0
2.081058273;1;1
-0.978002562;1;0
0.958022233;-1;0
0.481619418;1;1
0.423662288;-1;0
0.696509977;-1;0
-1.687201222;-1;1
0.009025549;-1;0
-0.364560109;-1;1
-1.667840728;-1;1
0.280477681;1;1
-0.214377491;1;0
1.434260544;-1;0
1.899892278;1;1
0.85263418;1;1
3.143734227;-1;0
1.132055001;1;1
-0.594196205;-1;1
0.285803584;1;1
-0.483961031;1;0
0.861391092;-1;0
1.732947238;-1;0
-0.119663905;1;0
-1.285424814;1;0
2.067020523;-1;0
0.563306686;-1;0
-1.805734838;1;0
-0.599377377;-1;1
0.382228728;1;1
0.126590737;-1;0
0.519911391;1;1
0.264969616;-1;0
0.704631272;1;1
0.530147163;1;1
2.299164672;-1;0
1.094975319;1;1
-0.465113047;-1;1
0.493967677;1;1
0.349894042;-1;0
0.898479476;-1;0
-2.264518677;-1;1
-1.369945952;1;0
0.613324958;-1;0
2.038510514;-1;0
-0.44587294;1;0
-0.13361214;1;0
1.028135308;1;1
0.795417852;1;1
2.022562206;1;1
2.735666491;-1;0
2.556611568;1;1
0.050880595;1;1
1.880863691;1;1
2.133420326;-1;0
1.293957085;-1;0
-0.109148757;1;0
-0.167269376;1;0
2.62866255;-1;0
1.074679323;1;1
-0.251363919;-1;1
-0.016335704;-1;1
-0.322200047;-1;1
-0.157005635;-1;1
-0.318470023;-1;1
-0.152309201;-1;1
-0.405403668;-1;1
-0.033387494;1;0
0.065896397;-1;0
0.730779546;1;1
-1.085642524;-1;1
0.3399356;1;1
0.069727133;-1;0
-0.14651528;1;0
-1.626641342;-1;1
0.763359075;1;1
-0.434736428;-1;1
0.177969323;-1;0
-1.394875636;-1;1
0.087711905;1;1
0.325208694;-1;0
2.060687356;-1;0
-0.270323211;-1;1
-0.798447541;-1;1
-0.828302462;-1;1
-0.318521644;1;0
-0.518875623;-1;1
1.145324176;1;1
-0.837362927;-1;1
-0.004655857;-1;1
-1.187538303;1;0
0.473483873;-1;0
2.099895636;-1;0
0.043489413;1;1
0.070089364;1;1
0.937065931;-1;0
-0.008025128;-1;1
-0.841400574;-1;1
-0.295709389;1;0
-0.339911669;-1;1
0.354384139;-1;0
-1.110567241;-1;1
-0.962560204;1;0
-1.004912182;-1;1
1.026880042;-1;0
-0.143333817;1;0
-0.319331788;1;0
1.35900884;1;1
2.31633083;-1;0
1.218192258;1;1
0.047236117;-1;0
0.369348255;-1;0
-0.325547095;-1;1
-0.209322218;1;0
0.230920754;1;1
1.349197076;1;1
1.538743399;-1;0
2.259127213;1;1
-1.177143073;1;0
0.133957273;1;1
0.326276857;1;1
0.585448022;1;1
1.322378048;-1;0
0.635841932;1;1
-1.182819571;1;0
0.273460948;-1;0
0.182423881;-1;0
-0.215360946;-1;1
-0.677280818;-1;1
-0.866024693;1;0
-0.897674327;-1;1
0.611713075;-1;0
-0.382432024;1;0
-0.103987421;1;0
2.378460754;1;1
0.361902873;-1;0
0.68750877;-1;0
-0.611074341;1;0
-0.05892953;1;0
1.598661731;-1;0
0.648959751;1;1
0.033251566;1;1
1.666300625;1;1
1.263160102;1;1
0.539926751;-1;0
0.847993635;1;1
-0.570355187;1;0
0.919429305;-1;0
0.8305472;1;1
-0.120272005;-1;1
0.182318195;-1;0
-0.267624291;1;0
-0.377589304;-1;1
0.046532943;-1;0
-0.94928998;1;0
-0.287299567;-1;1
0.589139712;-1;0
-1.014277038;-1;1
-1.809828027;-1;1
-1.02904235;-1;1
-1.89017792;-1;1
-2.964436738;1;0
-0.592259781;-1;1
0.496921624;-1;0
-0.312538498;-1;1
-0.777170902;1;0
-0.127682054;1;0
0.880183525;1;1
0.230902596;-1;0
0.242960449;1;1
-0.556149537;-1;1
-0.039990422;-1;1
-0.780734472;-1;1
-0.201134039;-1;1
-0.112099605;1;0
0.088380281;1;1
1.35464384;-1;0
2.777231291;1;1
-1.441897653;1;0
0.460287201;-1;0
-0.015066718;-1;1
-0.827562193;-1;1
-0.502514941;1;0
0.027729885;-1;0
0.860082794;-1;0
-1.264502678;1;0
-2.056115724;-1;1
0.048256195;1;1
-0.551597834;-1;1
0.17060434;1;1
-0.020491315;1;0
0.66097147;-1;0
0.802554207;1;1
-0.14091881;-1;1
0.73648587;-1;0
-1.073226444;-1;1
-1.52442581;1;0
-0.301274109;1;0
0.842514326;-1;0
1.251235808;1;1
-0.121975224;-1;1
1.086261014;1;1
-0.810678976;-1;1
0.897591491;1;1
-0.146674233;-1;1
0.168212609;-1;0
-0.154699454;1;0
0.095074269;-1;0
0.921997098;-1;0
-1.308883114;1;0
0.174691553;-1;0
0.729373392;-1;0
-0.406287124;1;0
-0.237715872;1;0
0.236651423;1;1
0.215279151;1;1
0.298684132;1;1
0.736671495;-1;0
1.17724949;1;1
0.115158857;1;1
0.894204499;1;1
0.77962907;1;1
1.378298617;-1;0
0.546109736;1;1
-0.485483427;1;0
0.649871485;1;1
0.436232759;1;1
0.461272309;-1;0
0.500907213;1;1
-1.500438148;-1;1
0.171736231;-1;0
-0.461655636;1;0
-0.579404558;1;0
0.948507502;-1;0
-0.042992351;1;0
-0.708640519;1;0
0.88881844;1;1
0.698132128;-1;0
0.826874304;-1;0
-0.756476588;-1;1
-1.700294183;-1;1
-0.616001998;-1;1
-1.158000115;1;0
-0.077717322;-1;1
1.569861789;1;1
0.07835946;-1;0
1.804756973;1;1
-1.696698767;-1;1
0.209419015;1;1
-0.239587456;1;0
0.792604239;1;1
0.936753235;1;1
1.0238913;-1;0
0.316522794;-1;0
-1.895512494;1;0
-0.009594168;1;0
0.383491198;-1;0
0.353958624;1;1
-0.062681816;-1;1
1.021935744;1;1
-0.356010665;-1;1
0.393059164;-1;0
-0.467066513;-1;1
-0.499108746;1;0
0.108380868;-1;0
0.514267885;-1;0
-1.049472561;-1;1
-1.147229474;-1;1
-0.712047222;-1;1
-0.376195432;-1;1
-0.196582842;-1;1
-0.06646548;1;0
0.21086959;1;1
0.77420706;-1;0
0.777681616;-1;0
-0.636838489;1;0
0.042894853;-1;0
0.869274772;-1;0
-1.391460835;1;0
-0.196091581;-1;1
0.928759383;-1;0
-1.064183704;1;0
-2.234477117;-1;1
0.892533762;-1;0
-0.488349306;1;0
0.381548186;1;1
1.466103977;-1;0
1.169447888;-1;0
-0.573224634;1;0
-2.71E-04;1;0
0.743000693;-1;0
0.377576882;-1;0
-1.128250514;1;0
0.199743743;-1;0
0.238449128;-1;0
-0.353144897;1;0
0.48233736;-1;0
1.400078175;1;1
-0.373797714;-1;1
1.721331647;1;1
0.033450363;-1;0
0.265197908;1;1
-1.722899599;-1;1
0.588413997;-1;0
-0.161476473;-1;1
-1.178948422;-1;1
-1.306389734;1;0
-0.365372773;1;0
0.744268603;1;1
1.563606804;-1;0
2.494579328;-1;0
-0.524506598;1;0
-0.117626968;-1;1
1.754703532;-1;0
0.21208541;1;1
0.356130666;1;1
0.940604111;1;1
1.440196678;-1;0
0.554199682;1;1
-1.221615082;1;0
0.564903475;-1;0
0.246519374;-1;0
-0.272613324;-1;1
-0.170280933;1;0
0.150645683;1;1
0.533808417;-1;0
0.740034675;1;1
0.328365908;1;1
1.933610794;1;1
1.289410293;1;1
2.827687752;1;1
0.686490674;-1;0
0.705315923;-1;0
-0.654229779;-1;1
-0.261316954;1;0
0.05060586;1;1
1.223007566;1;1
0.921725831;1;1
0.980217232;-1;0
1.44291382;-1;0
-0.160582893;1;0
-0.073530374;-1;1
0.541756834;-1;0
-0.702276888;-1;1
-0.764906142;1;0
-0.608033032;1;0
1.80968759;1;1
0.803814018;-1;0
1.773564735;1;1
0.058611409;1;1
0.515391102;-1;0
0.481361466;-1;0
-0.890532999;1;0
0.001944992;-1;0
1.562144254;-1;0
-2.275574637;1;0
-0.18980384;1;0
1.213149231;-1;0
0.607339461;-1;0
-0.452634177;-1;1
-0.044165736;-1;1
0.016440138;-1;0
-0.041775519;1;0
0.177163724;-1;0
1.839025933;1;1
-0.120252338;1;0
0.529644845;1;1
1.142781665;-1;0
0.241473896;1;1
0.123028788;1;1
0.954832135;1;1
1.817825701;1;1
0.748796204;1;1
0.874144704;1;1
3.403561328;1;1
-0.040457394;1;0
0.777197967;-1;0
1.03843407;1;1
-0.315731119;-1;1
0.037982032;-1;0
-0.86410999;1;0
-1.087533775;1;0
0.826002562;-1;0
0.579419517;-1;0
-1.020972568;-1;1
-0.532952112;1;0
-0.362119197;1;0
1.18614815;-1;0
-0.210357287;-1;1
-0.598234681;-1;1
-0.720875283;1;0
-1.080932329;1;0
0.350995713;-1;0
1.115926289;1;1
-0.518828909;1;0
0.144432037;-1;0
-0.110547638;-1;1
-1.132373495;1;0
-0.485769184;-1;1
0.121564633;-1;0
-1.056882366;-1;1
-2.73492811;1;0
-0.388416067;1;0
0.001039954;-1;0
0.019203387;1;1
-0.605574406;1;0
2.697648956;-1;0
0.706072006;1;1
-0.849216186;-1;1
-0.373951786;-1;1
-0.929773049;1;0
-0.563215837;1;0
0.342861742;1;1
0.516066713;-1;0
0.259664745;1;1
-0.512457673;1;0
-0.164863786;-1;1
0.208917241;-1;0
-0.521224641;-1;1
-0.767622028;1;0
-1.204992665;1;0
0.401852038;-1;0
1.343105392;1;1
-0.788815199;1;0
-0.291989306;1;0
-0.152961286;-1;1
0.505493495;1;1
-1.33212531;1;0
1.529943755;-1;0
0.526008679;-1;0
-2.172793749;1;0
-0.750723573;1;0
0.585776068;-1;0
0.977363843;-1;0
-1.818786628;-1;1
-2.151738622;1;0
-4.432551343;-1;1
0.635524302;1;1
-0.506917766;1;0
-0.127827079;-1;1
-0.438881672;1;0
-0.376404241;1;0
0.970388432;-1;0
0.355063859;-1;0
-0.947521488;1;0
-0.776048987;1;0
-0.129593442;-1;1
0.718942498;-1;0
-1.407739253;1;0
-1.022932622;-1;1
-0.807873085;1;0
-1.954608364;-1;1
-0.640490889;1;0
-0.746110634;-1;1
0.449152453;1;1
-0.961074473;1;0
-0.451797118;-1;1
-0.248386595;-1;1
-1.100829074;-1;1
-1.536441418;-1;1
-1.743521236;-1;1
-2.281460865;-1;1
-4.390048113;-1;1
-1.820893576;-1;1
-1.517021241;1;0
-1.799388305;1;0
1.305414875;1;1
2.145184857;-1;0
-0.460022729;1;0
-1.494992258;1;0
0.168452046;-1;0
0.295866081;1;1
-1.880610512;-1;1
0.849789901;-1;0
-0.831682218;1;0
-0.459186922;1;0
0.643889996;1;1
0.414937502;-1;0
0.575009992;-1;0
-0.718738039;-1;1
-0.668207598;-1;1
-0.559836915;-1;1
-0.899916109;1;0
-0.94651012;-1;1
-0.120940309;1;0
-0.590977535;1;0
0.948778312;1;1
0.648563699;1;1
-0.295267011;1;0
-0.105560258;-1;1
-0.437716424;-1;1
-1.032590109;1;0
-1.987106516;-1;1
-0.01734801;1;0
-1.09175001;1;0
1.299224386;-1;0
0.087393898;-1;0
-3.506492888;1;0
-1.003181046;1;0
0.078150675;1;1
1.11547842;1;1
4.255534788;-1;0
2.893054605;1;1
-1.351500938;1;0
-0.128515186;1;0
0.782601891;-1;0
0.183845917;1;1
-1.826826538;1;0
-0.015830544;1;0
-0.544509923;1;0
-0.519116684;1;0
-0.383599607;1;0
0.596007935;1;1
-0.177194248;-1;1
0.624085393;-1;0
-1.601268033;1;0
-1.56174103;-1;1
0.263873053;1;1
-0.962079846;-1;1
2.155940003;-1;0
-2.251236063;-1;1
-1.651489306;-1;1
-2.712980337;1;0
-2.605179492;1;0
0.842086066;1;1
0.247800794;-1;0
0.248630641;-1;0
-1.38107191;-1;1
-1.096666868;-1;1
-1.419003133;-1;1
-2.230784074;-1;1
-5.257656529;1;0
-1.213757575;1;0
0.843446113;-1;0
-0.826494856;1;0
-1.695502937;1;0
0.360007223;1;1
0.387763847;1;1
0.741361152;1;1
-0.311770233;-1;1
0.416011355;1;1
-1.412893044;-1;1
-0.706526203;1;0
-3.432939106;1;0
0.004621389;1;1
-0.580339312;1;0
-0.648626871;-1;1
-0.431004071;-1;1
-1.835075346;1;0
-0.809918244;1;0
1.389944827;1;1
1.083882689;-1;0
0.173550938;-1;0
-1.206875207;1;0
-1.353036987;1;0
-0.417362541;-1;1
-0.997645506;1;0
-1.64088417;1;0
0.527902069;1;1
0.352768378;1;1
0.396418985;-1;0
4.455642117;1;1
-2.250405731;-1;1
0.572609398;1;1
-1.159043603;-1;1
0.629944222;-1;0
-3.574484683;-1;1
-2.746188215;-1;1
-3.602480572;1;0
-5.685460166;1;0
0.863700258;-1;0
-0.044941497;1;0
-2.390713935;-1;1
1.186426696;-1;0
-1.830063584;-1;1
-2.453760984;1;0
-3.514556459;1;0
1.228386956;-1;0
-1.277488149;-1;1
-2.2115035;-1;1
-2.551401546;1;0
-2.739456898;-1;1
-0.002159527;-1;1
-3.229133361;1;0
-1.05076456;1;0
0.468266137;1;1
1.108143572;1;1
1.082192825;-1;0
-1.330495298;1;0
-2.385587946;1;0
2.156305337;1;1
0.007021301;1;1
0.652104689;-1;0
0.383370196;-1;0
-1.881876124;-1;1
-2.240486;1;0
-3.888184552;1;0
-0.652163529;-1;1
0.233515881;-1;0
-3.067938591;-1;1
-1.604979723;-1;1
-2.494332402;1;0
-1.552186168;1;0
1.305111132;1;1
-1.280058469;-1;1
-1.162883357;-1;1
-1.608773503;1;0
-1.966778319;1;0
-0.851385557;1;0
-0.305112993;1;0
-0.879879355;1;0
-1.015961665;-1;1
-0.080002805;-1;1
-2.764361672;-1;1
-4.014638641;1;0
-2.087092996;1;0
-0.236958561;1;0
0.564122211;1;1
-0.69803947;-1;1
-1.190202793;-1;1
-2.213301168;1;0
-1.675527965;1;0
-0.779894706;-1;1
-0.427335012;-1;1
-6.40654552;-1;1
-3.139622668;1;0
-4.118053421;1;0
0.456392527;-1;0
-0.047853339;-1;1
-3.440989509;1;0
-1.169565812;1;0
0.16861115;-1;0
-0.105502342;1;0
-1.650112059;-1;1
0.587218403;1;1
-4.148748719;-1;1
-0.383076737;-1;1
-2.798286722;-1;1
-2.018625776;-1;1
-4.972445752;-1;1
-8.618891882;1;0
-7.808056798;1;0
1.701323117;-1;0
3.503337287;1;1
-3.09254772;1;0
-0.334864855;-1;1
0.01873557;1;1
-3.728464949;-1;1
0.417145225;1;1
-1.844206727;-1;1
0.977153941;1;1
-2.93997132;1;0
2.368596455;1;1
3.528767422;-1;0
-1.377685863;1;0
-3.669168986;1;0
0.097343849;1;1
0.427827773;1;1
1.289078749;-1;0
0.667203907;1;1
-1.981131836;-1;1
-0.970802101;1;0
-3.648631067;-1;1
0.774978517;-1;0
-1.95950599;-1;1
-4.260107187;1;0
-2.004725921;1;0
1.514053284;1;1
0.484824547;1;1
1.635608068;1;1
1.802181325;-1;0
-0.425560267;-1;1
-1.742114438;1;0
-3.439307715;-1;1
-0.95303691;-1;1
-4.346443686;1;0
-5.132899937;-1;1
-1.513014732;-1;1
-5.746026609;-1;1
-2.626403953;1;0
-3.507761366;1;0
0.698502644;-1;0
0.833223485;1;1
-2.159576415;-1;1
5.599306961;-1;0
-2.186653311;-1;1
-1.11825271;1;0
-0.836498051;-1;1
1.575528477;1;1
-2.31240683;1;0
5.440871311;-1;0
-0.508949049;1;0
-3.775204602;1;0
-0.030503747;-1;1
0.381660886;1;1
-1.1290947;1;0
1.347866639;-1;0
1.163464628;-1;0
-3.156724601;-1;1
-4.906442849;-1;1
-2.92998736;1;0
-2.127819886;1;0
0.816112425;1;1
1.811483534;1;1
1.264748027;-1;0
0.817560704;1;1
-3.819775169;-1;1
-1.169967061;1;0
-1.667508025;-1;1
2.384166925;1;1
-1.854634236;1;0
0.911805509;1;1
2.475173002;1;1
4.659621216;-1;0
0.972999519;-1;0
-3.189314243;1;0
-2.914710468;1;0
-0.450490555;-1;1
0.46082391;-1;0
-2.413194603;1;0
-4.4921876;1;0
0.553227078;1;1
-0.581605228;1;0
1.908393587;-1;0
-0.936593765;-1;1
-2.974378213;1;0
-2.09898739;1;0
-0.239669612;-1;1
1.817526603;1;1
-2.915232121;1;0
0.486981666;-1;0
-0.814420648;-1;1
-3.064031925;-1;1
-3.060052961;-1;1
-3.313457605;1;0
-2.352864093;1;0
-0.267090236;-1;1
-0.062024087;1;0
-3.133701388;-1;1
0.120375861;1;1
-1.5349876;-1;1
-0.674457122;1;0
-1.29018552;1;0
-0.266925797;-1;1
0.412943351;1;1
-4.559340712;-1;1
0.191404269;1;1
-0.747238301;1;0
3.262777832;1;1
1.970462787;-1;0
-0.045521252;-1;1
-1.92765945;-1;1
-2.550124879;1;0
-1.617416985;-1;1
-1.213872605;-1;1
-3.384933183;1;0
-3.070413273;-1;1
-0.684525832;1;0
-3.571577435;-1;1
1.909053488;-1;0
-2.471309033;1;0
-2.869630779;1;0
-0.321516075;1;0
0.164016544;-1;0
-0.944608286;1;0
-2.495464214;1;0
0.074158886;1;1
0.124134815;1;1
-0.421876131;-1;1
-0.839626072;-1;1
-2.976829492;-1;1
-3.788769919;-1;1
-3.767710851;1;0
-3.386495695;-1;1
-0.469561989;1;0
-1.581865414;1;0
2.651287567;1;1
0.928006036;-1;0
-1.780871762;-1;1
-2.766543293;1;0
-4.333924308;-1;1
-1.311704872;1;0
-1.9843567;-1;1
-1.556568061;1;0
-5.973542935;1;0
-0.582487939;-1;1
-2.311313918;1;0
-4.915497076;1;0
-0.37122231;1;0
1.266252044;-1;0
-1.478269931;-1;1
-3.995647367;1;0
-2.677470553;-1;1
-1.187243235;1;0
-4.346363699;-1;1
-0.752937906;1;0
-1.396142138;-1;1
-1.119419128;-1;1
-6.189112438;-1;1
-3.249590669;1;0
-3.201380698;-1;1
-0.590631633;1;0
-1.589029453;1;0
-0.472256933;1;0
1.468477952;-1;0
0.49747269;1;1
-5.272913515;-1;1
1.612106424;-1;0
-3.087229206;1;0
-1.919503786;1;0
1.10288359;1;1
1.836709557;1;1
-0.253824077;-1;1
2.033517724;1;1
-3.120431601;-1;1
-0.3605006;1;0
-2.413545182;-1;1
-1.685514149;-1;1
-4.284418863;1;0
-4.330159915;1;0
0.229104349;-1;0
-0.584987378;-1;1
-3.289698;1;0
-3.274427839;1;0
-0.360385827;1;0
-0.166386368;-1;1
-1.565045725;-1;1
-2.097628678;-1;1
-2.723123785;-1;1
-4.923715992;1;0
-3.346153473;1;0
-0.756651751;-1;1
-0.507749718;-1;1
-2.944237792;-1;1
-4.437183607;-1;1
-4.206548338;1;0
-1.572201787;1;0
-0.572706572;-1;1
0.233416314;-1;0
-4.34402759;1;0
-1.868378281;1;0
-0.260076348;-1;1
-0.874684368;-1;1
-5.991068713;-1;1
-5.667718112;-1;1
-2.334340788;-1;1
-5.691944089;1;0
-1.416756119;-1;1
1.804998738;1;1
-3.436603812;1;0
2.639394106;-1;0
-0.070551759;-1;1
-2.66875105;1;0
-5.890835287;-1;1
-1.357009135;1;0
-6.078121588;1;0
4.200379416;-1;0
2.61992391;-1;0
-4.900529439;1;0
-2.133060097;1;0
0.897693987;-1;0
2.931655961;-1;0
-3.552133197;1;0
-6.960794839;-1;1
0.141500418;-1;0
-11.03054885;-1;1
-8.001636126;-1;1
-3.134628843;-1;1
-5.452668786;-1;1
-7.993611394;-1;1
-7.092804696;-1;1
-2.463210831;1;0
-0.664915963;1;0
5.637072031;-1;0
0.090939803;1;1
-6.119463326;-1;1
3.60046456;1;1
-0.800984965;-1;1
0.964414989;-1;0
-6.073670032;1;0
-6.45048509;-1;1
0.397991455;-1;0
-3.370548325;1;0
-1.033957208;1;0
9.732315564;1;1
1.59072099;1;1
3.421573885;-1;0
2.444494829;1;1
-0.553686878;-1;1
-0.305918659;-1;1
-5.766627795;1;0
-5.832980234;-1;1
0.756074692;-1;0
-3.292573957;-1;1
-2.084874577;1;0
-2.537322401;-1;1
4.728487428;-1;0
-5.426625677;1;0
-2.698943095;-1;1
2.482319266;-1;0
-5.862857338;1;0
-4.072643945;1;0
5.567368969;1;1
6.704729228;1;1
1.356798292;-1;0
1.381851558;-1;0
-1.10182288;1;0
-4.933996538;1;0
4.104241821;-1;0
0.428041645;1;1
-3.046548647;1;0
5.160928045;-1;0
4.856835872;1;1
-2.640577531;-1;1
-0.272755871;1;0
-2.343504029;1;0
2.271681845;1;1
1.650727696;-1;0
4.366760634;-1;0
-1.217605078;-1;1
-2.4340072;-1;1
-0.943861422;-1;1
-2.174160034;-1;1
-1.624752542;1;0
0.249159549;-1;0
1.128144874;1;1
0.574575124;1;1
3.084470786;1;1
1.541953788;-1;0
3.796561681;1;1
-0.230018002;-1;1
2.492523741;-1;0
-2.119642988;-1;1
-1.490761806;1;0
-2.917166814;-1;1
1.126147861;-1;0
-1.030125115;1;0
-2.454698486;1;0
1.372166237;-1;0
0.279238252;1;1
-1.367685974;-1;1
11.31685766;-1;0
-2.095256107;1;0
-0.452940778;1;0
2.371178397;1;1
0.516029157;-1;0
2.996464199;-1;0
-3.480452531;-1;1
-1.575693822;1;0
-0.585915369;-1;1
2.678422561;-1;0
-1.288243334;1;0
0.013172068;1;1
4.376893311;-1;0
-0.5230693;1;0
-4.424029819;-1;1
1.905971777;-1;0
-0.868334299;-1;1
-2.722717864;1;0
-4.084073572;-1;1
0.136536911;-1;0
-3.498108499;-1;1
-1.42829084;1;0
-5.114067431;-1;1
2.356493012;1;1
0.030113991;1;1
4.414981742;-1;0
2.827976912;-1;0
-4.282008392;1;0
-1.359059855;-1;1
1.472054435;-1;0
-3.081292493;-1;1
-2.738106625;1;0
-2.015512544;1;0
4.969478392;1;1
1.972523706;-1;0
1.980564189;1;1
-0.105486986;1;0
1.195409911;-1;0
1.54021499;1;1
-1.372935055;-1;1
0.504466789;1;1
0.941343867;-1;0
7.132729469;-1;0
-1.199739096;1;0
-0.826751497;-1;1
-0.674673235;1;0
-6.191502502;1;0
0.598086798;1;1
2.633734575;1;1
1.110859934;1;1
3.692662884;-1;0
0.850256516;-1;0
-2.242677023;1;0
-3.58845337;1;0
2.489763234;-1;0
-0.514587685;-1;1
-3.044244578;-1;1
-1.599263959;1;0
-0.534936034;-1;1
2.496495219;-1;0
-1.126516751;1;0
-1.300812176;1;0
1.669081666;-1;0
-0.743995052;-1;1
-2.479888039;-1;1
-2.39940307;1;0
-0.355726668;1;0
2.268824295;-1;0
1.618198609;1;1
-1.520834713;1;0
1.284667134;-1;0
0.986231562;-1;0
-1.641757946;-1;1
-2.907137613;-1;1
-3.610942676;1;0
-1.787168459;1;0
1.240672328;-1;0
0.077832091;-1;0
-3.180374373;1;0
-2.168403419;1;0
0.445279659;1;1
3.420825754;-1;0
-0.075311055;-1;1
-2.982669703;-1;1
-2.567726354;1;0
-1.177635252;-1;1
2.578635883;1;1
-3.017246946;1;0
1.739205879;1;1
1.576260016;-1;0
1.252137804;-1;0
-2.988909855;-1;1
-1.412979031;1;0
-0.922510212;1;0
0.235014405;1;1
-0.515071401;1;0
-0.141713369;1;0
-0.506482016;-1;1
-0.023825802;-1;1
-2.664330591;-1;1
-1.810722361;-1;1
-1.435823668;-1;1
-1.531273827;-1;1
-1.890740887;-1;1
-1.803476824;-1;1
-2.613664096;-1;1
-1.028150141;1;0
-0.755404297;-1;1
1.399754163;1;1
-1.355106438;-1;1
-1.06392183;1;0
-2.540452949;-1;1
-1.086885344;-1;1
-4.697138864;-1;1
-1.189685352;1;0
-2.40762615;1;0
0.256748337;-1;0
0.715080453;1;1
-1.618933208;-1;1
2.619142949;1;1
-0.325778187;1;0
4.866123082;1;1
4.350426445;1;1
4.969386641;1;1
0.06783314;-1;0
-0.984157687;1;0
-2.833226165;1;0
0.631492926;-1;0
-0.685712969;-1;1
-1.513185708;-1;1
-1.849649747;1;0
-1.282936951;1;0
-0.650599499;1;0
-0.865009895;-1;1
0.927664914;-1;0
-2.175539394;-1;1
-3.143022804;1;0
-2.319104615;-1;1
0.827922081;-1;0
-2.477030627;1;0
-2.216347178;1;0
0.480233538;-1;0
;;0.486244402
