0.0010142283844940536;-0.019449541;
3.8519010510285057E-4;0.014034431;
8.331991948220541E-4;-0.002398967;
-0.0019947893080316526;-0.012671106;
-4.6991284474007244E-4;0.007025761;
0.0016326697763111575;0.015069767;
-9.328575371179149E-4;0.060758798;
-0.0016791499512627261;0.016155508;
-4.39525179243172E-4;0.017003911;
-0.011197352052930987;-0.013542886;
-0.0075154459369898285;0.01059322;
0.0026153215279420827;0.014675052;
-3.681271398927599E-4;0.01338843;
-6.553391995538504E-4;0.013293101;
-2.3450575857086875E-4;0.002012072;
-0.001089062576279387;0.020080321;
6.186889857866529E-4;-0.001968504;
-0.0017036158081000785;0.001025641;
6.419667963073472E-4;0.003940731;
3.4965241798445845E-4;0.008792589;
-2.2253648404069182E-4;0.0107393;
-3.2606281984559615E-4;-0.010625192;
-0.0015810403451013144;0.007782101;
0.0017184273426935626;0.022239382;
-4.7565273276228837E-4;0.002794984;
-0.0012251520402255522;0.014086629;
5.858408800465398E-4;0.00282276;
-0.0010307718734938742;0.01762963;
3.4259113638679395E-4;0.015431649;
-1.49811161872071E-4;-0.011612903;
-0.0023585236575551782;-0.017261387;
3.8025754651727084E-4;-0.016605166;
7.351926701186784E-4;0.002776735;
7.35661745884908E-4;-0.02896273;
-8.059661204709023E-4;0.008709056;
0.0018474000452144423;-0.01627445;
-0.0018260768865747679;0.017475728;
5.783774295804456E-4;-0.002900763;
-0.0014998745388972168;0.022048691;
-9.776965765961876E-5;-0.004644195;
-0.0020766685535966722;-0.002859723;
7.059261665176564E-4;-0.009433962;
8.844270774410745E-6;-0.016228571;
4.590295886242046E-5;-0.016418835;
7.85184873087097E-4;0.016692913;
5.270970853743506E-4;-0.007744734;
-0.0023577491097110936;-0.011707774;
1.55145276190094E-4;0.009951035;
0.0014115738105817677;-0.099781045;
-0.005602338648255767;-0.008686588;
-0.02829662291073154;-0.019628461;
0.002278141683398349;-0.002323918;
0.0013100542679591598;0.01684286;
-8.458520555603144E-4;0.003348018;
-0.001614507378258967;-0.008781173;
-6.568245570832687E-4;0.008858965;
0.0015375016659522345;-0.014313312;
-0.0015967555306053427;0.008908686;
0.0013445960458837725;-0.001147903;
-9.027421959610926E-4;0.003359264;
-1.103724528661587E-6;-0.007753304;
-6.11514324133644E-4;0.003374179;
8.13709397914586E-4;-0.015486726;
-0.0011888105536925764;0.0;
0.0012576523822693808;-0.005662921;
-4.8101174647241507E-4;-0.019164708;
-3.8680928552459193E-4;-0.014930876;
0.0010365582064930656;0.022174401;
6.705992265976235E-5;0.00576659;
-0.002230331336953828;-0.001183109;
-4.71687361367934E-4;-0.002277904;
4.547455200842876E-4;-0.00913242;
-1.698480215570619E-4;-0.001105991;
6.909410918489733E-4;-0.001199483;
-2.415657708172425E-4;-0.002309469;
-2.318472686719808E-4;-0.005740741;
-8.526992867308181E-5;-0.023281803;
-8.206960418966069E-4;-0.017925248;
0.0013644181337912897;0.009708738;
7.804739736627653E-4;0.018076923;
-0.002309594507478252;-0.021344919;
-0.0027613486708140123;-0.002316155;
0.00297366680083222;-0.014509576;
-5.76570121162856E-4;0.018354927;
3.0703715181479296E-4;0.02053012;
-0.0011483560794895986;-0.023611636;
-0.003484147230657708;0.024182627;
0.0033416602035489795;0.001133359;
-0.001364772745780396;-0.030660377;
-0.0023575947876888215;0.013333333;
0.003963496374835174;-0.003553592;
-0.0019405127002616318;-0.004819277;
-2.542564892702437E-4;-0.016949153;
-5.21208316531574E-4;0.030738916;
-4.287788596859521E-4;0.0;
-0.0016790114871110262;0.003632193;
3.552696544066869E-4;0.001142857;
2.318731079298253E-5;-0.009512938;
-5.421745084270846E-4;0.002497119;
0.001044775139271259;0.01666986;
-4.948454743156638E-4;0.002450057;
-0.0011903881165329366;-0.012972363;
-9.346444592499559E-4;-0.016666667;
3.991556012055142E-4;-0.002421308;
0.0011394880112072236;-0.009708738;
-6.749902320923873E-4;0.00372549;
3.7185456171551223E-4;-0.001269779;
-6.674370935426666E-4;-0.007334963;
-3.163454005816746E-4;-0.008669951;
3.3057842999895115E-4;-0.002385212;
4.8568319730390996E-4;-0.008766687;
-4.291545879020475E-4;0.013869347;
3.54905196729316E-4;0.001189532;
-0.0012241799692755961;-0.018613861;
-0.001277141798442294;0.005044391;
0.002352414902135891;-0.0124473;
-0.0012628080038550316;0.010164668;
7.070074098671775E-4;-0.007647414;
-0.0013176550294136113;-0.010139931;
2.0870817971418987E-4;-0.005121901;
7.877732395673576E-4;0.012973641;
-1.3345809430198585E-4;0.007521854;
-0.0011514817550977163;-0.010088781;
-0.0011852249019166372;0.005095801;
0.001669630818166734;0.01906307;
-4.5978771216415026E-4;-0.009950249;
-0.002002408073786377;-0.007537688;
0.0011315998752361445;-0.005063291;
6.801433674641366E-4;0.011501272;
-8.587504817558766E-5;-0.00130811;
-0.001223749595864021;-0.026498741;
-0.0018996504941291015;-0.003829435;
0.002443343781440621;0.020779221;
-9.355798492780565E-4;0.022900763;
-0.002035400945853194;0.014925373;
-1.3767004293741003E-4;-0.013529412;
-0.003688158905219563;0.00129199;
0.0026846357376415497;-0.00248139;
-2.1597120643068735E-4;0.0;
-1.190801705943656E-4;0.008756219;
5.8040782539681146E-5;0.002367331;
-7.063952739674306E-4;-0.003641016;
-2.5584038945591914E-4;0.0;
5.600587744063468E-4;-0.008592593;
-4.288144271238359E-4;0.006176529;
7.287983058987813E-4;-0.006138614;
-9.568939631443563E-4;-0.013747759;
-1.469643400024978E-4;0.002525253;
0.0012886541123102724;-0.00372796;
-8.281568863659494E-4;-0.00262945;
-3.731449072530424E-5;0.003853174;
2.521280123106706E-4;-0.005050505;
-6.807717797969737E-4;-0.001218274;
4.231603342965684E-4;-0.019109575;
-0.001019105014485433;-0.015544041;
0.0010139213053887985;0.007894737;
8.195320942774309E-4;-0.001357702;
-0.0017189761491596123;-0.012967998;
-6.003685208026965E-4;0.005297733;
0.0014698029944177904;0.002529511;
-7.685224903033472E-4;0.001366695;
-3.9874443831111606E-4;-0.007874016;
-4.1946608332610325E-4;0.010582011;
8.689641593444541E-4;0.014450262;
-7.055602961090202E-4;0.011560694;
-5.462361883257216E-4;0.006326531;
-5.431355648179981E-4;-0.003751774;
-6.450734050074125E-4;0.011501272;
9.323497256743529E-4;0.016301067;
-3.801708320119168E-4;-0.013663366;
-0.0022807296645739328;0.017667135;
0.002143513752352444;0.025843362;
8.670921333608916E-5;-0.010769231;
-0.0025424605173531845;0.007192846;
0.002649603499620845;0.012159815;
-4.108077743314453E-6;0.004767353;
-8.457252517755087E-4;-0.004744733;
-5.069359560141429E-4;-0.006006865;
4.8131766198089565E-4;0.003549161;
5.884283017909553E-4;0.012043586;
-5.26228496168013E-4;-0.008311296;
-0.0014503983695592915;-0.001142857;
0.001124365783950143;-0.025076278;
-0.0016694788371993674;0.013398533;
0.0017285859823665817;-0.009650647;
-0.0019992948548019918;-0.014617034;
1.457809093436957E-4;-0.02096519;
1.2958483474356797E-4;-0.007575758;
0.0012490457867673221;0.006412214;
-2.796222725427455E-4;-0.008899676;
-0.001509645305624474;-0.007653061;
4.742042610716979E-4;0.025706941;
-2.592358671478223E-4;0.001303258;
-0.001570739862149395;0.01371646;
4.815558264814612E-4;0.02962963;
6.584578007702291E-4;-0.025227818;
-0.005148391707392008;-0.017122614;
0.002312677298428767;0.005006007;
0.0017431375093934776;-0.001295079;
-0.0017809410387115143;-0.017456359;
-8.309316283372503E-4;0.0;
0.0016842516005444175;-0.002538071;
-5.557175004220483E-4;-0.002544529;
-2.9559311628846174E-4;0.00255102;
1.891867465966257E-4;0.006412214;
-2.555500341636652E-4;0.013855178;
-3.3174069460617517E-4;-0.019950125;
-0.002723086401925645;0.001323155;
0.0026367467108614484;-0.014027241;
-9.078049631856544E-4;-0.003917526;
7.15896965958418E-4;0.0;
-3.7180949288284637E-6;0.033740426;
-0.0022635875657264215;0.003704445;
-8.64451924687204E-4;-0.001296758;
-1.4757160419565096E-4;-0.007391131;
1.5897393997077458E-4;-0.005031193;
5.259934236994113E-4;0.011326861;
1.9295859537526994E-4;-0.0375;
-0.0032026770747126676;0.01038961;
0.002995715734530613;-0.007712082;
-0.0017476274760412913;-0.010362694;
-7.034455472121337E-5;-0.001256545;
9.653279833261585E-4;-0.006605158;
-5.151821308695403E-4;0.003905013;
3.076831650905554E-4;0.02901598;
-0.0012314402598132546;-0.037086228;
-0.0050779613419345004;-0.018567639;
0.002053584153570931;-0.002702703;
0.0013201047525353005;-0.010840108;
-0.0011407169077841672;-0.01369863;
3.059474509345961E-4;0.002777778;
8.753109963195449E-4;-0.013850416;
-0.0011824184670956583;-0.043595506;
0.001014754723636102;0.013275376;
0.001727053872616846;0.017391304;
-0.0032982798053424744;0.00991453;
-0.0019573167424988824;-0.006996163;
-0.0014894611656384171;-0.012727273;
3.1006704649483297E-4;-0.015883978;
3.6747549330051754E-4;0.00877193;
8.539652268173548E-4;-0.015884058;
-0.001857851663041199;0.010249764;
0.001203574350798764;0.029154519;
-0.0010633618489186425;0.0;
-0.0014324621769512547;0.0;
5.181387314883157E-4;0.012804533;
8.342278497086575E-4;0.011188185;
-5.896149027195818E-4;-0.015268865;
-0.002064677197057385;0.014044944;
0.002309797284283821;0.001440443;
-0.0010765890876460738;0.020690418;
-3.328802709394729E-4;0.025691057;
8.571223611733014E-4;-0.023673642;
-0.005157350091328006;-0.012232085;
0.00325846020403997;-0.004054795;
0.0010063636750823335;-0.006932218;
-6.265856414131576E-4;0.023601108;
-5.867822167555659E-4;0.032474562;
9.499075855723405E-5;0.001258125;
-0.0019437779140363265;0.00921466;
5.48377564972391E-4;-0.011724424;
-0.001947944776516497;-0.02488189;
-7.336792828542826E-4;0.029500431;
5.617576076146769E-4;-0.022171094;
-0.0033855307779391275;-0.004064171;
0.0019125939270070447;0.006765464;
6.314940193301588E-4;-0.005333333;
-0.0013972620957645177;-0.014691689;
-2.735374001550106E-4;-0.001414889;
0.001325450619962698;-0.019073569;
-8.171786213524435E-4;0.015333333;
0.0010245488061602082;0.009520683;
-0.0014039457302659208;-0.010840108;
-0.0014226995678150445;-0.015013699;
4.59003408146863E-4;-0.007009346;
0.0010641736708825178;0.005602241;
-6.698350998624036E-5;0.005571031;
-0.0010121744560604995;0.020720222;
-4.717137258447579E-4;-0.014871906;
-0.0028815755358930772;-0.011019284;
0.0014267544708328472;-0.001448468;
0.001104666888723571;0.0;
-5.903153511526149E-4;0.001450569;
-3.1535151003136974E-4;0.001448468;
-1.548675451101822E-4;-0.005562973;
-3.670893820935106E-4;-0.012642649;
-9.751532976842725E-5;0.0;
0.0010178684109312108;-0.005665722;
-6.101439275552067E-4;-0.00991453;
-1.0072764787638633E-4;0.00713628;
7.792568638018693E-4;0.008571429;
-8.816461474960846E-4;-0.009858357;
-0.0012789436555942224;-0.008697642;
8.277381854071564E-4;-0.002770723;
6.540896793030271E-4;0.011576754;
-3.147603710438318E-4;0.005722133;
-0.001000771067198425;-0.00147929;
-4.620442248253198E-4;0.015612536;
6.676164037369148E-4;0.005610413;
-8.22647714532998E-4;-0.009707655;
-9.777167293725242E-4;-0.012732394;
5.37772188575758E-4;-0.00136955;
9.93385119132828E-4;-0.018514286;
-7.965939310285997E-4;0.002794597;
0.0012505674259988275;-0.005805852;
-9.023575623126057E-4;-0.00432142;
1.0535665191380161E-5;-0.001524927;
2.4336088118070975E-4;-0.01174812;
-5.444105320915327E-4;-0.010342368;
5.480706077278796E-4;0.001561562;
5.800622594493987E-4;0.001439194;
-7.263907249859258E-4;-0.00742515;
-6.124428424318928E-4;-0.007601351;
4.0974498138446336E-4;-0.006079027;
3.2977673135503593E-4;0.01675841;
-1.2726109688410148E-4;-0.008902791;
-0.001874452855262554;0.030347172;
-1.1888615543309555E-4;0.002827521;
-0.0012900629146834763;0.010338346;
3.910250500878121E-4;0.01744186;
6.806514755330895E-5;0.008571429;
-6.56924487818733E-4;0.002832861;
-4.846542473613269E-4;0.001355932;
1.2492688458021206E-4;0.009930038;
3.0323475667959343E-4;0.005586592;
-5.464833134989355E-4;0.001333333;
-2.8909243956176667E-4;-0.009653795;
-5.001784852369795E-4;-0.012661064;
3.4567515437577967E-4;0.0;
9.010526579684708E-4;0.004312301;
-5.858733310932784E-4;-0.004293785;
-8.166602430534908E-4;0.029845665;
-5.385793690035889E-4;-0.001432507;
-0.0016071537130626368;0.020745972;
7.923789492938482E-4;0.014918919;
-4.7529441769422753E-4;-0.005325948;
-0.0016617165142520651;0.003962305;
0.0014848352974436985;-0.00672;
-5.916226702922245E-4;0.008161512;
6.225597310551834E-4;-0.00404772;
-9.27375842941558E-4;-0.01197861;
-2.1418745868828637E-4;-0.006819658;
9.14604233501759E-4;-0.001416894;
1.526634880373301E-4;-0.009495743;
-5.877108510445872E-4;0.019283747;
2.1947052277848655E-4;-0.009513514;
-0.0019995185249843672;-0.001309758;
0.0010762060027889042;0.00273224;
3.7923093027103505E-4;-0.013623978;
-0.0010403192281822626;0.004198895;
0.0013444452807127583;0.002640845;
-5.890426760943868E-4;-0.004060579;
-6.015032907349394E-4;-0.001432507;
4.5092556245629467E-4;0.0;
6.0255702888145635E-5;-0.00960053;
-5.339416399761099E-4;-0.008356546;
5.024154617001564E-4;0.015505618;
2.960228161623668E-4;0.006859925;
-0.0013402417128487443;-0.004175824;
-7.266374967458411E-4;-0.005517546;
5.422998631772202E-4;0.020861074;
2.092981476193856E-4;0.010869565;
-9.292226639403545E-4;0.012043011;
-1.948195857450763E-4;-0.010624734;
-0.0022110062451581314;-0.005369416;
0.001350242899556875;0.020297992;
1.8224380899889425E-4;0.005291005;
-0.001384824493490644;0.002631579;
-1.6677825840760718E-4;0.006614173;
3.722928291316485E-4;0.018147685;
-9.133662417237787E-5;-0.005121901;
-0.001711314763961358;0.00133855;
0.0010967813845703667;0.014087404;
3.4685488802610465E-4;-0.007503549;
-0.00154742642786454;0.003780139;
0.001192583589414209;-0.01394402;
-0.001126006765851617;0.012799339;
0.0010847299432317214;-0.013962495;
-0.0018874214787221177;0.011679587;
0.001207295699315214;-0.003882305;
-0.0011586542483068563;0.001230769;
2.87187041016157E-4;0.002663389;
9.838423999752877E-5;0.0;
-3.246647583039497E-4;0.013996731;
1.6180866002413197E-4;0.010075567;
-5.914980590175922E-4;-0.052369077;
-0.008635330245553519;-0.022315789;
5.336261110771012E-4;0.009366925;
8.910888671382899E-4;-0.013333333;
-0.00402624963527165;0.002702703;
8.536438169968186E-4;0.0;
-3.5960582634819716E-4;-0.003989218;
-3.960279613828277E-4;0.01483005;
3.918852183844024E-4;0.00672;
-8.897117810988675E-4;0.010595465;
-8.722029485719318E-5;-0.006605158;
-0.0013470597772786697;0.001372032;
0.0010822171134328151;-0.006639966;
-3.8504779026826697E-4;-0.027904509;
-9.568579418006706E-4;-0.036782362;
0.0023613722595046127;-0.012804533;
0.0030637838101648107;0.01584022;
7.555596109742879E-5;-0.005649718;
-0.0031726435397660957;0.004318182;
6.465074491490697E-4;-0.002941842;
-3.9395511138629047E-4;0.002950522;
2.628689587957922E-4;0.002715547;
-1.8421670783919097E-4;-0.006996163;
-5.785194607774713E-4;-0.015681818;
-1.7958386446981223E-4;-0.008543062;
0.0010031742875389327;0.001397299;
1.6504050044918728E-4;-0.010232558;
-9.708904666587692E-4;0.023496241;
-2.7939627725181992E-5;-0.008494031;
-0.002075494012537149;0.011576754;
0.0012260776180483823;-0.001487755;
-9.739354563933489E-4;-0.00722063;
-1.530736050123771E-4;0.011544678;
0.0010030622048993187;-0.00136955;
-0.0011422543321222278;-0.010057143;
-3.250049684639933E-4;-0.0071577;
8.397177395336186E-4;0.001395349;
3.429400907091207E-4;0.008824895;
-5.529309223311074E-4;0.00713628;
-6.725946584364983E-4;0.005714286;
-2.597058692450638E-4;0.004318182;
-1.2253675664597452E-4;-0.032586558;
-0.003639678831721671;-0.027836257;
7.932780591035637E-4;0.007579403;
0.0014052790559944128;-0.002985075;
-0.002964588960195691;0.010538922;
-3.359736614041431E-4;-0.013391799;
-0.0017107093691555164;0.004444444;
0.0015385131917082795;-0.013393925;
-0.001146807508762837;-0.003030303;
8.85920526976669E-4;0.006079027;
7.564886174504792E-5;-0.021148036;
-0.0017050627080115177;-0.00308642;
0.001851318984011474;-0.007801858;
-3.2158573166984894E-4;-0.02021967;
4.7345667749887355E-5;0.004840764;
0.0014787375305771455;0.011029412;
-0.0012215357459668397;-0.017178683;
-0.001956038370797941;0.012758357;
0.0021734559187374103;-0.011085916;
-0.0016916937188997672;0.0;
8.632744512317991E-4;0.003184713;
8.100164476232408E-5;-0.00952381;
-8.92391461279729E-4;-0.065641026;
-0.00572447070647808;-0.029226125;
0.005011192801847475;-0.03180212;
0.021009199236023957;-0.001751825;
0.0028429481323213324;0.001754899;
-0.001694314268148922;0.0;
-0.001137103791426064;0.009051095;
9.277256710582549E-5;-0.0234375;
-0.002456119348118957;-0.025925926;
3.117579621738642E-4;0.020836502;
0.001252123712670361;-0.016686532;
-0.0036190504388669;0.013333333;
0.0012363180903633975;0.029904306;
-1.1143513379607839E-4;0.003484321;
-0.0010737059905727708;-0.012586806;
-0.0012609737876874139;-0.034725275;
-0.00340023796422928;0.005616272;
0.002139633558687404;0.018867925;
-0.0022317757154146634;-0.024;
-0.002845938945947868;-0.01335762;
0.001957362303796284;-0.013538462;
5.581714253310999E-4;0.011852776;
2.0848143457019574E-4;0.0;
-0.0016603910756440854;-0.009710234;
-4.979061274958951E-4;-0.017587549;
-8.215905577868554E-5;-0.029626109;
8.201684701387713E-4;0.016326531;
0.001371007458600193;0.016064257;
-0.002928329622896797;0.025770751;
-0.0011109387918071256;0.007706535;
-0.0019291962551641895;0.009483022;
-2.3581290306906588E-4;0.034090909;
4.000880720205213E-4;-0.007326007;
-0.003349286455946121;0.001918819;
0.0019247810404245946;-0.009281084;
-5.236100268937172E-4;-0.003717472;
5.80378216297639E-4;-0.016716418;
-5.65944753604608E-4;-0.007589557;
9.927356632006834E-4;-0.042214745;
0.0013179257011826095;-0.013893325;
0.002839545921187181;0.010202429;
9.416145735174908E-5;0.00801539;
-0.002879279078523922;-0.107506361;
-0.07588796043513835;-0.075552388;
0.021202464213579297;0.021588281;
-0.024434049708141004;-0.030566038;
-0.04472628946054069;-0.048657065;
0.03751494266600641;0.058715221;
-0.007034979834434907;-0.009661836;
-0.005087734374264574;0.029268293;
-1.1507021673562434E-4;-0.018957346;
-0.008355398381092116;-0.038647343;
-0.0029488266650683492;0.007437186;
0.003215715411228004;0.00518755;
-0.002684490221850133;-0.005160778;
-0.0014351631549622823;-0.024740623;
-0.0014452475531876452;-0.018003273;
0.0013036962333350388;-0.020833333;
0.0018271440173904807;-0.010638298;
0.001542498379580426;0.02688172;
-8.747758725440313E-4;0.020942408;
-0.001679365958318968;-0.020512821;
-0.0037694426668628545;0.020942408;
0.003855049164557034;-0.01025641;
-0.0021647222633691676;0.025906736;
-6.382907703272878E-6;-0.022626263;
-0.004145875951010236;-0.031004547;
-7.872395881807215E-4;-0.010665529;
0.00203169135166803;0.04829668;
-0.004484430356243685;0.005347594;
-3.695399202388039E-4;0.002454992;
-1.7627713989498695E-4;0.012653061;
4.1532563632862285E-4;0.012696493;
-3.5160150116286815E-4;0.024875622;
2.652337721025244E-4;0.021747573;
4.817551817610788E-4;-0.00950209;
-0.004047867893048451;-0.019186493;
6.892089739896079E-5;0.005086072;
0.0022711400247366065;0.012066952;
-0.0012845199618634062;0.016923077;
-0.0010739282793470473;0.009455371;
-5.920082511983171E-4;-0.021168977;
-0.0030566610172013675;-0.021626794;
4.910205751404995E-4;-0.007237872;
0.0014057555235851282;-0.014778325;
-4.3016751182012314E-5;0.01;
5.150106935731813E-4;0.0;
-0.0013724952662457213;0.0;
-1.495589600701841E-4;0.014851485;
3.4360778160591465E-4;-0.002536585;
-0.0012746667373502163;0.01486698;
6.86595531319778E-4;0.036044719;
7.490134133982806E-4;0.01172093;
1.881830084520253E-4;0.006803972;
-0.0015305411526931323;-0.00913242;
-0.0016351471879028079;0.01843318;
0.0012562986080615346;-0.006696833;
-0.0017458902236073826;0.006741983;
9.551877180702384E-4;0.015746606;
6.925438904126224E-6;0.00890948;
-7.362279920450909E-4;-0.013069587;
-0.0017770711898750235;-0.01789549;
3.087337701899173E-4;0.013483965;
0.0013795961028857384;-0.011147069;
-0.0021921599851815188;0.002181818;
9.052539402492066E-4;-0.011248186;
-7.694090493126637E-4;0.002201835;
7.8710636060908E-4;-0.015928231;
-0.0011055395378831712;-0.002418605;
0.0011152553562707723;0.011749347;
-1.9534197541792864E-4;-0.057695853;
-0.0026457064709775047;-0.012128326;
4.6951585627841297E-4;0.017425743;
-1.317740049739946E-4;0.007201246;
-0.004511642366522128;-0.033816425;
-0.0036563790215229375;0.0176;
0.003955488698275111;0.019654088;
-0.0018110343526194228;0.014263685;
-0.0011658294596323948;0.0;
-0.0017339828979072713;-0.011782592;
-5.09825442861711E-4;0.004807692;
0.0016250045085413056;-0.038277512;
-0.002502998459435357;0.014925373;
0.002158411661640436;-0.031764706;
-0.0024289981849463516;-0.007695423;
0.0019302818167576952;-0.005102041;
1.395977165294937E-4;0.005128205;
-6.328485685509477E-4;0.005102041;
-6.776458641799543E-4;0.027817259;
-6.955918732352018E-4;-0.029632556;
-0.005155198132279715;-0.01262215;
0.0028468811087827284;-0.015463918;
3.8851864522726487E-4;0.013193717;
3.1158806045095133E-4;0.0;
-0.0017828894249478644;0.031004547;
-0.0010906182304539769;-0.020048115;
-0.004447376326778718;-0.005319149;
0.0027595919548897285;0.012957631;
8.12300290602419E-4;0.0;
-0.0016653113038316292;0.002639594;
2.0752559861803022E-4;-0.022883759;
-0.0020303354738024915;0.007668394;
0.0021706966631267477;0.005347594;
-0.001093167112486082;0.0;
-8.505013514401583E-4;-0.018003273;
-0.0011607298746310057;-0.010416667;
0.001265458002105202;0.008;
4.3804887837906037E-4;-0.005430242;
-0.0015649927270913189;0.02897942;
-7.296988919631708E-4;0.012653061;
-7.936051451440385E-5;-0.007456671;
-0.0017056183616261933;-0.017664975;
-9.206473637179968E-5;0.028317487;
4.4788627433334227E-4;0.012663317;
-0.0012716639151255649;0.047042477;
3.720036201357857E-4;0.009478673;
-0.007013419675266475;-0.009389671;
-0.002819806189610974;-0.014218009;
0.0012185501566046586;0.036153846;
-0.0012651497705156167;0.0;
-0.001410592851855963;0.002227171;
4.510855079469245E-4;-0.032407407;
-0.004444619626642776;0.0;
0.0025184862562461774;0.012057416;
-9.409903978130352E-4;-0.007186082;
-0.002057911669232304;0.0;
9.526519206635164E-4;-0.00952381;
-4.2037352025792174E-4;-0.040769231;
-8.22313697148136E-4;0.010024058;
0.0019935621772790846;-0.015085351;
-0.002643826943183658;-0.004836759;
6.102679389661247E-4;-0.002632645;
2.0622353845123342E-4;0.0;
-3.129604608531622E-4;-0.012791878;
-7.191682936462662E-4;0.002673797;
0.0011209478746323498;0.020512821;
-8.506712502946989E-4;0.012663317;
-8.814485017434315E-4;-0.019849146;
-0.003079686337387866;0.0;
0.003242055285958223;-0.002632645;
-2.825137921385057E-4;-0.020304569;
-6.941517602743197E-4;-0.028393782;
5.629936016187109E-4;-0.005546075;
0.001704579729391753;0.0;
-8.279469261540662E-4;0.0;
-9.801211352935546E-4;0.032175032;
-0.0013881877301726853;-0.01039069;
-0.002568282241057318;-0.005039899;
0.0016190029364584468;0.002532714;
0.0010480302111823825;-0.039578947;
-0.001800069400180515;-0.043840421;
0.005811493095470244;-0.016964695;
0.00495242452721989;0.017257463;
0.001355753112239455;-0.005502063;
-0.0041047117205317285;-0.02604887;
-0.001181002417338206;0.003076923;
0.002773705898575507;0.076451156;
-0.018907455774740622;-0.035510741;
0.0010340039599572304;-0.002727273;
0.010251798965983827;0.014129444;
0.0013059023899604227;-0.013932584;
-0.002563241741575961;-0.011394713;
9.324163386521533E-4;0.023052098;
3.608713872038649E-4;-0.014195584;
-0.002613588363241881;-0.008457143;
0.0011901637320090863;-0.005993545;
7.130179639895928E-4;0.003014842;
-6.453578460741127E-5;-0.023121387;
-0.0015029125847783043;-0.01183432;
0.0014774256208971437;-0.003113772;
4.943503704399888E-4;-0.014896684;
-6.089855804827238E-4;0.048780488;
-0.00500999702031768;-0.005813953;
-5.587202581855966E-4;0.005847953;
0.0015387766545020831;0.002790698;
-3.1936915720010006E-4;0.029220779;
-8.015732950639176E-4;-0.011266336;
-0.0029709768465133735;0.002734731;
0.002171493283021242;0.0;
-2.7259838080162524E-6;0.002727273;
-1.8949102347409763E-4;0.011332729;
-3.1243379633227875E-5;0.025324966;
-3.157305961822843E-4;0.00284153;
-0.0014427695709631205;0.002615519;
2.127624813870188E-4;-0.005434783;
-2.8706949754608857E-4;-0.005464481;
3.7448981650323176E-4;-0.024615385;
-9.685568970745351E-4;0.0;
0.0017266961702500083;-0.014195584;
-9.569141560499261E-4;0.002971429;
6.239925707687277E-4;-0.008659982;
-8.87922632904381E-4;0.002758621;
4.951004235067558E-4;-0.002751032;
-4.877104428975265E-4;-0.002758621;
-5.744571387023001E-6;-0.02604887;
-0.00148066920001666;-0.003076923;
0.0019027197593812772;-0.005698006;
-5.678669864379593E-4;0.0;
-2.8289543026716046E-4;-0.003104107;
-3.2649073428148156E-4;0.0;
1.0619189362781611E-4;0.0;
-1.0643795086107133E-4;-0.003113772;
-2.0675205551556886E-4;0.009130226;
3.450832373639301E-4;0.044761905;
-0.0017703077570825343;0.008432088;
7.403494223050533E-4;-0.011299435;
-0.0024675532590232585;0.005714286;
0.0030981317304745737;0.0;
-5.766527551962497E-4;0.005681818;
-7.798231342004414E-5;-0.002937853;
-5.647679501605829E-4;-0.008386219;
-4.2052813904458475E-5;-0.0144;
5.408360286596192E-5;-0.011595547;
7.064370822722488E-4;0.044110746;
-0.003993045774581372;-0.011235955;
-0.0017718094260934514;-0.014090909;
7.668482421312461E-4;0.005532503;
0.0026334656505171417;0.031636864;
-0.002506895064007253;-0.011111111;
-0.002400640912309626;0.008539326;
0.0024559726667279236;0.030525847;
3.5693638799383365E-4;-0.005405405;
-0.0019633869851580776;-0.005434783;
0.0010252677879241112;0.005464481;
0.0012658075976177408;0.038043478;
-0.0023050075087653887;0.065549738;
-0.003536057101798773;-0.002555031;
-0.017479816766740486;-0.019704433;
7.321157630971742E-4;0.002613065;
0.005302372928927879;0.007417803;
-8.058669992183631E-4;-0.022487562;
-0.0018823450211731263;0.015472313;
0.002273638046497606;0.042502005;
-0.002086146616001816;-0.007307692;
-0.0016723811589014481;-0.012010849;
0.0011507606891194566;0.034313725;
6.965849734532625E-4;-0.016492891;
-0.002726278121950365;0.016769468;
0.00220732220327724;-0.016492891;
-0.0029170672027372113;0.00231303;
0.001526344365604615;0.021538462;
-3.457405814737413E-4;0.037650602;
-6.074300315481729E-4;0.011429608;
-7.778752707530145E-4;-0.024573991;
-0.005472181688863875;-0.009194557;
0.004027034882798208;-0.014105419;
1.1499469979447952E-4;0.01185994;
3.224353533406443E-4;-0.004651163;
-0.0016509174665597648;0.004672897;
4.0676524626670485E-4;0.0;
-3.1845232096205933E-4;0.002418605;
2.7357993111376544E-5;-0.004825538;
-3.754685263293034E-4;0.030399105;
-6.773846804231098E-4;0.038552036;
0.0032845760950992453;-0.021958871;
-0.006989072244364625;0.013542409;
0.006204878497980015;0.010900141;
-3.620088047673331E-4;0.039130435;
-0.0017238186057477733;-0.02292887;
-0.007078770804873624;0.004110997;
0.004981797350510853;0.010747185;
1.852542216718156E-4;-0.010632911;
-0.001676582826944717;0.008529512;
0.0015443637430050394;-0.012516915;
-0.0014458327345407973;-0.00445358;
9.280579989359161E-4;-0.019270475;
-6.696593114847715E-4;-0.00877193;
0.0011549134130572902;0.019823009;
-3.181579419999636E-4;0.023950017;
-0.0019261756411315112;0.008474576;
-7.44972423802226E-4;-0.016806723;
-0.002798545250635165;0.006495726;
0.0030143348119482383;0.006283967;
-6.266268935797292E-4;-0.010632911;
-0.0012012046478337979;-0.008529512;
8.602548415841405E-4;0.010839642;
6.426378741513084E-4;-0.002212766;
-0.0013894810245949074;-0.019106107;
-9.514394196545872E-4;-0.006608696;
0.0016843754592135163;-0.019607843;
-1.805205814724431E-4;-0.013392857;
0.0013060931632726813;0.0;
5.199925405530159E-4;0.060995475;
-0.011121800732644349;-0.006311839;
0.0012895197490554455;-0.032103004;
-0.003358851705591359;0.013125222;
0.006693683380445403;0.011029412;
-0.002203965528724705;-0.021645022;
-0.0021603945465598073;0.0;
0.0029455956526325267;-0.002123894;
-3.472883977879704E-4;-0.011174175;
-5.997754506203989E-4;-0.067264574;
-0.0021706055427554993;0.043269231;
-0.0043531945522117255;-0.011612903;
-0.007468146167410872;-0.009324879;
3.526519434982056E-4;-0.004518072;
0.001481967635567294;0.006996974;
-1.607801929175423E-4;0.014084507;
-8.616452287801835E-4;0.009259259;
-6.299582333553211E-4;0.002201835;
-5.491214348460893E-4;-0.034236543;
-0.004311810783050429;-0.002464455;
0.002907980488975781;0.019004181;
-0.0010557104570496634;-0.002237971;
-0.0025177669575566775;-0.011588785;
-2.585992082235755E-4;0.0;
0.0015631429330253965;0.0;
-3.761486911471046E-4;0.013993949;
-3.6661028575224464E-4;-0.01156285;
-0.0018174924593368225;-0.007169811;
0.001082462115093552;0.0;
6.890254012490438E-4;-0.007031547;
-6.559558565188972E-4;0.04784689;
-0.004367385067972851;0.011506849;
0.002406337091490185;0.011195377;
-6.005413547087723E-4;-0.002142857;
-0.0026291107197942143;0.028990694;
3.680367290725961E-4;-0.002086957;
-0.0019257507627856718;0.015162077;
9.88234803861232E-4;-0.006351931;
-0.0020193954917016033;-0.013130615;
2.518764167902532E-5;0.026260504;
5.200873402464445E-4;-0.006311839;
-0.0020991523776965337;-0.017167382;
-3.892501954472216E-4;-0.015196507;
0.0010038845513680172;-0.042213551;
0.004347068661256337;-0.007037037;
0.0020093874407831613;-0.018649758;
5.443324042739839E-4;0.016723679;
5.738570859374903E-4;0.020934579;
-0.0017737755887909934;-0.029659465;
-0.0038883673842171618;0.007169811;
0.0049289445580811275;-0.004870738;
-9.94773294710427E-4;0.0;
-1.8758637672933176E-4;-0.011671687;
-5.862865891606006E-4;0.00952381;
9.319709587609637E-4;-0.002264151;
-0.0011127376416175672;-0.009455371;
-2.726915134623198E-4;0.028636884;
-5.024676279230533E-5;-0.016332591;
-0.0027715803726331423;0.007169811;
0.0023084637646544337;0.0;
-4.913326577620225E-4;-0.021168977;
-0.0011798526608912674;0.117320574;
0.006256111814079368;0.006337787;
0.008388362424601059;0.008510638;
-0.006147825516499464;-0.012658228;
-0.005817217070240521;-0.023589744;
-5.586606279517348E-4;0.006652661;
0.0019403797882477924;0.008695652;
-0.0016484939625915906;0.006551724;
-0.0010321773683377167;-0.010791367;
-0.0011797474084969117;-0.010909091;
7.308296969781303E-4;-0.010854342;
4.6234933961919467E-4;0.008849558;
3.6336931388403215E-4;0.01754386;
-0.001363539913029399;-0.012931034;
-0.002152049811944945;0.0;
0.0020673218569497998;0.004366812;
1.7394776463275363E-4;0.017391304;
-7.942438109620475E-4;0.047008547;
9.897218454997248E-4;-0.008163265;
-0.004909274073120251;0.01037037;
0.002732709669277966;0.012056044;
-3.3802101839186527E-4;-0.005956214;
-0.0012871421387963267;0.022186235;
9.49442322847105E-4;0.00792142;
-7.802578036546493E-4;0.005972964;
-2.43395328828111E-4;-0.0059375;
-8.121637321596431E-4;-0.009745363;
2.8606572241018924E-4;0.007936508;
9.423533860983824E-4;-0.023622047;
-0.0020029985987730647;-0.016129032;
0.0013302967695514312;0.026557377;
-1.0418143299339988E-4;0.0;
-0.0027402675368226603;-0.015969339;
-9.315676383514493E-4;0.006166829;
0.0026112843616985515;0.01;
-8.46779299845668E-4;0.018045353;
-8.651098066354557E-4;0.019607843;
1.7670111749112927E-4;-0.019230769;
-0.0042072053586685865;-0.013647059;
0.0020081714049178245;-0.007951654;
9.256089364875209E-4;-0.012183392;
-5.581795509090881E-5;-0.010061668;
4.540292748975716E-4;0.016393443;
9.110172566817454E-5;-0.018064516;
-0.0024220507825969406;-0.016425756;
8.195119104286164E-4;0.027054108;
2.478787784863101E-4;-0.006178862;
-0.0026600916408008324;-0.01210733;
7.065599632838371E-5;-0.026995694;
-0.0012739901060903058;-0.029787234;
0.003545388471463351;-0.013157895;
0.0028071094301598265;0.013333333;
4.782654054125146E-6;-0.004385965;
-0.002572252101192163;-0.002290749;
2.953988956839737E-4;-0.017661604;
-8.547197222963376E-4;0.004674577;
0.001419966356460911;0.015569077;
-0.0010229892713806699;0.026431718;
-0.0011020256574880705;-0.023519313;
-0.005062206843103878;0.0;
0.004278453473362642;-0.022151899;
-0.0014584128465098267;0.004674577;
0.0012536055986669403;0.116320687;
-0.01618641916199115;-0.016030779;
0.01599856258282517;0.014173998;
0.0024672016547354694;0.002088353;
-0.01233920543857231;0.001923693;
-2.114459929778434E-4;-0.004;
-1.516063571012083E-4;-0.005943775;
